,language,lang,ALL_Q
0,Amharic,am,"እባክዎን ከእያንዳንዳቸው መግለጫዎች ጋር ምን ያህል እንደሚስማሙ ወይም እንደማይስማሙ ለእያንዳንዳቸው መልስ ይስጡ። ለእነዚህ ጥያቄዎች ፣ 1 ማለት "" ሙሉ በሙሉ አልተስማሙም ""እና 10 ማለት"" ሙሉ በሙሉ ተስማምተዋል "" ማለት ነው ። ""ከ 1 እስከ 5 ደረጃ አሰጣጦች ማለት በሚከተለው መግለጫ ላይ አይስማሙም ማለት ነው. ከ 6 እስከ 10 ደረጃ አሰጣጦች ማለት በሚከተለው መግለጫ ይስማማሉ ማለት ነው። መግለጫው በትክክል የሚስማማ ወይም የማይስማማ ነው ብለው ካላሰቡ መግለጫውን በ 5 ወይም በ 6 ነጥቦች ምልክት ይመድባሉ።
ሳይንስ እና ቴክኖሎጂ ህይወታችንን ጤናማ፣ቀላል እና የበለጠ አመቺ አድሮታል።
በሳይንስ እና ቴክኖሎጂ ምክንያት ለቀጣዩ ትውልድ የበለጠ እድል ይኖራል።
በሳይንስ ላይ በጣም ጥገኛ ነን ነገር ኝ እምነት ላይ ግን በቂ አይደለም
ከሳይንስ መጥፎ ውጤቶች አንዱ የሰዎች ትክክል እና ስህተት የመሆን ሀሳቦችን መበታተኑ ነው።
በእለት ተእለት ህይወቴ ስለ ሳይንስ ማወቄ አስፈላጊ አይደለም።
እባኮትን ስለእያንዳንዳቸው ስለሚከተሉት ድርጊቶች መልስ ስጥ፣ ሁል ጊዜ ሊጸድቅ ይችላል ብለው ቢያስቡም፣ በጭራሽ ሊጸድቅ አይችልም፣ ወይም ይህን ልኬት በመጠቀም መካከል ስላለው ነገር፡
ደረጃ 1 ማለት በፍፁም ተቀባይነት የለውም ፣ 10 ደረጃ ሁል ጊዜ ተቀባይነት ያለው ማለት ነው ። ከ 1 እስከ 5 ያለው ደረጃ የሚከተለው መግለጫ ትክክል አይደለም ብለው ያስባሉ ማለት ነው። ከ6 እስከ 10 ያለው ደረጃ የሚከተለው መግለጫ ይልቁንስ ትክክል ነው ብለው ያስባሉ። ድርጊቱ በትክክል ተቀባይነት ያለው ወይም ፍትሃዊ ያልሆነ ነው ብለው ካላሰቡ ድርጊቱን በ 5 ወይም 6 ነጥብ ደረጃ ይሰጡታል።


የማይገባዎትን የመንግስት ጥቅማ ጥቅሞች መጠየቅ
ለመጓጓዣ ክፍያ አለመክፈል
ንብረት መዝረፍ
አጋጣሚው ከተገኘ ታክስ ማጭበርበር
አንድ ሰው በስራ ላይ ጉቦ መቀበል
ግብረሶዶማዊነት
ሴተኛ አዳሪነት
ውርጃ
ፍቺ
ከጋብቻ በፊት የግብረ ስጋ ግንኙነት ማድረግ
ራስን ማጥፋት
በበሽታ ምክንያት ከከፍተኛ ስቃይ ለመገላገል በሀኪሞች እርዳታ ህይወት
እንዲያልፍ መፍቀድ
ባል ሚስቱን መምታቱ
ወላጆች ልጆቻቸውን መደብደብ
ሌሎች ሰዎች ላይ ሁከት መፍጠር
ሽብርተኝነት እንደ ፖለቲካዊ ፣ ርዕዮተ ዓለማዊ ወይም ሀይማኖታዊ
መጠቀሚያ ማድረግ
ድንገተኛ ወሲባዊ ግንኙነት ማድረግ"
1,Arabic,ar,"يرجى الإجابة عن كل من العبارات التالية, كم توافق أو لا توافق على كل من هذه العبارات. لهذه الأسئلة, أ 1 يعني أنك ""لا توافق تماما"" و أ 10 يعني أنك ""توافق تماما.""التقييمات من 1 إلى 5 تعني أنك لا توافق على العبارة التالية. التقييمات من 6 إلى 10 تعني أنك توافق على العبارة التالية. يمكنك تقييم البيان بعلامة 5 أو 6 نقاط إذا كنت لا تعتقد أن البيان مقبول تماما أو غير مقبول.
العلم والتكنولوجيا تجعل حياتنا أسهل وأكثر راحة وصحة
بسب العلم والتكنولوجيا ستخلق فرص اكثر للجيل القادم
نعتمد كثيرا على العلم وليس بما فيه الكفاية على االيمان
احدى االثار السلبية للعلم هو انه يطيح بافكار الناس حول الخطأ والصواب 
ليس من المهم بالنسبة لي ان أعرف عن العلم في حياتي اليومية
يرجى الإجابة عن كل من الإجراءات التالية ، سواء كنت تعتقد أنه يمكن تبريره دائما ، أو لا يمكن تبريره أبدا ، أو شيء ما بين استخدام هذا المقياس.
تصنيف 1 يعني أبدا مبرر, تصنيف 10 يعني دائما له ما يبرره. التقييمات من 1 إلى 5 تعني أنك تعتقد أن العبارة التالية غير مبررة إلى حد ما. التقييمات من 6 إلى 10 تعني أنك تعتقد أن العبارة التالية مبررة إلى حد ما. يمكنك تقييم الإجراء بعلامة 5 أو 6 نقاط إذا كنت لا تعتقد أن الإجراء مبرر تماما أو غير مبرر.
المطالبة بامتيازات ومنافع ال يستحقها الفرد من الحكومة
التهرب من أجرة التنقل في وسائط النقل العام
سرقة ممتلكات اآلخرين
التهرب من دفع الضرائب إذا استطعت
ن يقبل أحدهم رشوة أثناء تأدية الوظيفة
المثلية الجنسية
البغاء
الإجهاض
الطلاق
الجنس قبل الزواج
االنتحار
القتل الرحيم
ضرب الزوج لزوجته
ضرب الوالدين لالطفال
العنف ضد اآلخرين
اإلرهاب كوسيلة سياسية، أو فكرية، أو دينية
ممارسة الجنس العرضي"
2,Armenian (Hayeren),hy,"Խնդրում ենք պատասխանել հետևյալ հայտարարություններից յուրաքանչյուրի վերաբերյալ, Որքանով եք համաձայն կամ համաձայն չեք դրանցից յուրաքանչյուրի հետ: Այս հարցերում 1-ը նշանակում է, որ դուք ""լիովին համաձայն չեք"", իսկ 10-ը նշանակում է, որ դուք ""լիովին համաձայն եք"": 1-ից 5 գնահատականները նշանակում են, որ դուք ավելի շուտ համաձայն չեք հետևյալ հայտարարության հետ: 6-ից 10 գնահատականները նշանակում են, որ դուք ավելի շուտ համաձայն եք հետևյալ հայտարարության հետ: Դուք կգնահատեիք այս հայտարարությունը 5 կամ 6 միավորով, Եթե չհամարեիք այն լիովին ընդունելի կամ անընդունելի:
Գիտությունը և տեխնոլոգիան մեր կյանքը դարձնում են ավելի առողջ, հեշտ և հարմարավետ
Գիտության և տեխնոլոգիայի շնորհիվ հաջորդ սերունդն ավելի մեծ հնարավորություններ կունենա
Մենք չափազանց շատ ենք կախված գիտությունից, իսկ հավատքից՝ շատ քիչ
Գիտության վատ հետևանքներից մեկն այն է, որ այն մարդկանց գաղափարները բաժանում է ճշտի և սխալի
. Իմ առօրյա կյանքում ինձ համար կարևոր չէ գիտությամբ հետաքրքրվելը
Խնդրում ենք պատասխանել հետևյալներից յուրաքանչյուրի վերաբերյալ, Եթե կարծում եք, որ դրանք միշտ կարող են արդարացվել, երբեք չեն կարող արդարացվել կամ որևէ այլ բան ՝ օգտագործելով այս սանդղակը:
1 միավորը նշանակում է, որ դրանք երբեք չեն կարող արդարացվել, 10 միավորը նշանակում է, որ դրանք միշտ արդարացված են: 1-ից 5 գնահատականները նշանակում են, որ դուք կարծում եք, որ հետևյալ պնդումն անհիմն է: 6-ից 10-ի գնահատականները նշանակում են, որ դուք կարծում եք, որ հետևյալ հայտարարությունը հիմնավորված է: Դուք կգնահատեիք այս գործողությունը 5 կամ 6 միավորով, Եթե չհամարեիք այն ճշգրիտ արդարացված կամ չարդարացված:
Պետական նպաստ պահանջելը, որի իրավունքը Դուք
չունեք
Հասարակական տրանսպորտի վճարից խուսափելը
Ուրիշի սեփականությունը գողանալը
Հարկերից խուսափելը, եթե նման հնարավորություն կա
Կաշառք ընդունելը` օգտվելով ծառայողական դիրքից
Համասեռամոլությունը
Մարմնավաճառությունը
Աբորտը/Հղիության արհեստական ընդհատումը
Ամուսնալուծությունը
Սեռական հարաբերությունները մինչև ամուսնությունը
Ինքնասպանությունը
Էֆթանազիան/Կյանքի բժշկական ընդհատումը
Տղամարդու կողմից իր կնոջը ծեծելը
Ծնողների կողմից երեխաներին ծեծելը
Բռնությունն այլ մարդկանց նկատմամբ
Ահաբեկչությունը քաղաքական, գաղափարական,
կրոնական պայքարում
Պատահական սեռական կապը"
3,Bengali (Bangla),bn,"অনুগ্রহ করে নিম্নলিখিত বিবৃতিগুলির প্রতিটি সম্পর্কে উত্তর দিন, আপনি এই বিবৃতিগুলির প্রতিটির সাথে কতটা একমত বা অসম্মতি জানান৷ এই প্রশ্নের জন্য, একটি 1 মানে আপনি ""সম্পূর্ণ অসম্মতি"" এবং একটি 10 মানে আপনি ""সম্পূর্ণ একমত.""1 থেকে 5 পর্যন্ত রেটিং মানে আপনি বরং নিম্নলিখিত বিবৃতির সাথে একমত নন. 6 থেকে 10 পর্যন্ত রেটিংগুলির অর্থ হল আপনি বরং নিম্নলিখিত বিবৃতির সাথে একমত হন৷ আপনি একটি 5 বা 6 পয়েন্ট চিহ্ন দিয়ে বিবৃতি রেট হবে যদি আপনি বিবৃতি ঠিক সম্মত বা অসম্মত মনে হয় না.
বিজ্ঞান এবং প্রযুক্তি আমাদের জীবনকে আরও স্বাস্থ্যকর, সহজ এবং আরও আরামদায়ক করে তুলছে
. বিজ্ঞান ও প্রযুক্তির কারণে, পরবর্তী প্রজন্মের জন্য আরও সুযোগ থাকবে
আমরা বিজ্ঞানের উপর খুব বেশি নির্ভর করি এবং বিশ্বাসের উপর যথেষ্ট নয়
বিজ্ঞানের একটি খারাপ প্রভাব হল এটি মানুষের সঠিক এবং ভুলের ধারণাগুলিকে ভেঙে দেয়
আমার দৈনন্দিন জীবনে বিজ্ঞান সম্পর্কে জানা আমার পক্ষে গুরুত্বপূর্ণ নয়
দয়া করে নীচের প্রতিটি ক্রিয়া সম্পর্কে উত্তর দিন, আপনি মনে করেন যে এটি সর্বদা ন্যায়সঙ্গত হতে পারে, কখনই ন্যায়সঙ্গত হতে পারে না, বা এই স্কেল ব্যবহার করার মধ্যে কিছু৷
রেটিং 1 এর অর্থ কখনই ন্যায়সঙ্গত নয়, রেটিং 10 এর অর্থ সর্বদা ন্যায়সঙ্গত৷ 1 থেকে 5 পর্যন্ত রেটিং মানে আপনি নিম্নলিখিত বিবৃতিটি বরং অযৌক্তিক বলে মনে করেন৷ 6 থেকে 10 পর্যন্ত রেটিংগুলির অর্থ হল আপনি নিম্নলিখিত বিবৃতিটি বরং ন্যায়সঙ্গত বলে মনে করেন৷ আপনি একটি 5 বা 6 পয়েন্ট চিহ্ন দিয়ে কর্ম রেট হবে যদি আপনি কর্ম ঠিক ন্যায়সঙ্গত বা অন্যায্য মনে হয় না.
সরকারি সুবিধা দাবি করা যা আপনি অধিকারী নন
পাবলিক ট্রান্সপোর্টে ভাড়া এড়ানো
সম্পত্তি চুরি
আপনি একটি সুযোগ আছে যদি ট্যাক্স প্রতারণা
কর্তব্যের সময় কেউ ঘুষ গ্রহণ করে
সমকামিতা
পতিতাবৃত্তি
গর্ভপাত
বিবাহবিচ্ছেদ
বিয়ের আগে সেক্স
আত্মহত্যা
ইথানাসিয়া
একজন পুরুষ তার স্ত্রীকে মারধর করার জন্য
বাচ্চাদের মারধর করে বাবা-মা
অন্যান্য মানুষের বিরুদ্ধে সহিংসতা
রাজনৈতিক, আদর্শিক বা ধর্মীয় অর্থ হিসাবে সন্ত্রাসবাদ
নৈমিত্তিক যৌন হচ্ছে"
4,Bikol (Bicolano),bik,"Paki-simbag manungod sa lambang siring na nakalista, kun gurano ka ka-uyon o dai ka-uyon sa lambang siring. Para sa mga hapot na ini, an 1 boot sabihon na ""lubos kang dai uyon"" asin an 10 boot sabihon na ""lubos kang uyon."" An mga marka gikan 1 sagkod 5 boot sabihon na medyo dai ka uyon sa siring. An mga marka gikan 6 sagkod 10 boot sabihon na medyo uyon ka sa siring. Pwede mong i-rate an statement nin 5 o 6 puntos kun dai mo masyadong uyon o dai man masyadong dai uyon dyan, pareho kan pagkaon nin laing na mayo masyadong anghang o mayo masyadong tam-is.
Ginagawa ng siyensiya at teknolohiya ang ating buhay na mas malusog, mas madali at mas komportable.
Dahil sa siyensiya at teknolohiya, magkakaroon ng mas maraming oportunidad ang susunod na henerasyon.  
Masyado tayong umaasa sa siyensya at hindi sapat sa pananampalataya.
Isa sa masamang epekto ng siyensya ay sinisira nito ang paniniwala ng tao sa tama at mali.
Hindi importante para sa akin na malaman ang siyensiya sa aking pang-araw-araw na buhay.
Paki sagot kaini an mga sumusunod na aksyon, ano an iyo opinion, makamuot ba kita maging husto an oras, o di kaya makamuot kundi minsan, gamit an sunod na iskala.
Rating 1 naglalakip nin ""di kaya kailanman makamuot"", rating 10 naman naglalakip nin ""laging makamuot"". An ratings 1-5 naglalakip nin ""mas di mahusto"" an sumusunod na pahayag, samantalang an ratings 6-10 naman naglalakip nin ""mas mahusto"" an sumusunod na pahayag. Kung di mo siguro na masastra-stra o mali an aksyon, magbibigay ka sya ng 5 o 6 na puntos.
Pag-angkin ng mga benepisyo ng gobyerno na hindi mo naman dapat tinatanggap
Pag-iwas sa pagbabayad ng pamasahe sa mga sasakyang pampubliko
Pagnanakaw ng mga ari-arian
Pandaraya sa pagbabayad ng buwis kung ikaw ay may pagkakataon
Pagtanggap ng suhol para sa mga bagay na kaugnay ng trabaho
Pagiging bakla o tomboy
Prostitusyon
Pagpapalaglag nin omboy
Diborsyo
Pagtatalik o sex bag-o an kasal
Pagpapakamatay/pagkitil ng sariling buhay
Pagkitil ng buhay sa isang taong walang pag-asang gumaling
Paggulpi ng lalaki  sa kanyang asawa
Paggulpi ng magulang sa kanilang anak
Karahasan laban sa ibang tao
Terorismo bilang pamamaraang pulitikal, ideolohikal, at panrelihiyon
Nagkakasira an pagkikipag-uri"
5,Burmese,my,"အောက်ပါဖော်ပြချက်တစ်ခုစီ၏အကြောင်း၊ ဤဖော်ပြချက်တစ်ခုစီကို သင်မည်မျှသဘောတူသည် သို့မဟုတ် သဘောမတူကြောင်း ကျေးဇူးပြု၍ဖြေကြားပါ။ ဤမေးခွန်းများအတွက် 1 သည် ""လုံးဝသဘောမတူသည်"" နှင့် 10 က ""လုံးဝသဘောတူသည်"" ကိုဆိုလိုသည်။ အဆင့်သတ်မှတ်ချက် 1 မှ 5 သည် အောက်ပါဖော်ပြချက်ကို သင်သဘောမတူကြောင်း ဆိုလိုသည်။ အဆင့်သတ်မှတ်ချက် 6 မှ 10 သည် အောက်ပါဖော်ပြချက်ကို သင်သဘောတူသည်ဟု ဆိုလိုသည်။ ကြေငြာချက်သည် အတိအကျသဘောတူနိုင်သည် သို့မဟုတ် သဘောမတူနိုင်ဟု သင်မထင်ပါက အဆိုပါထုတ်ပြန်ချက်ကို 5 သို့မဟုတ် 6 အမှတ်ဖြင့် အဆင့်သတ်မှတ်မည်ဖြစ်သည်။
သိပ္ပံနဲ့နည်းပညာကကျွန်တော်တို့ဘဝတွေကိုပိုကျန်းမာ၊ပိုလွယ်ကူ၊ပိုသက်တောင့်သက်သာဖြစ်စေတယ်။
သိပ္ပံနဲ့နည်းပညာကြောင့်နောက်မျိုးဆက်အတွက်အခွင့်အလမ်းတွေပိုများလာပါလိမ့်မယ်။
သိပ္ပံပညာကိုသိပ်မှီခိုပြီးယုံကြည်မှုကိုသိပ်မမှီခိုဘူး။
သိပ္ပံပညာရဲ့ဆိုးကျိုးတစ်ခုကလူတွေရဲ့မှန်ကန်၊မှားယွင်းတဲ့အယူအဆတွေကိုခွဲခြမ်းစိတ်ဖြာတာပါ။
နေ့စဉ်ဘဝမှာသိပ္ပံအကြောင်းသိဖို့ကကျွန်တော့အတွက်အရေးမကြီးပါဘူး။
အောက်ပါလုပ်ဆောင်ချက်တစ်ခုစီကိုဖြေကြားပေးပါ၊အမြဲတမ်းတရားမျှတနိုင်တယ်လို့သင်ထင်တာဖြစ်ဖြစ်၊ဘယ်တော့မှတရားမျှတနိုင်မှာမဟုတ်တာဖြစ်ဖြစ်၊ဒီစကေးကိုအသုံးပြုခြင်းကြားကတစ်ခုခုဖြစ်ဖြစ်ပါ။
Rating 1 ကဘယ်တော့မှတရားမျှတမှုမရှိတာကိုဆိုလိုပြီး rating 10 ကတော့အမြဲတမ်းတရားမျှတမှုရှိတာကိုဆိုလိုတာပါ။ အဆင့် ၁ ကနေ ၅ အထိကအောက်ပါကြေညာချက်ဟာမမျှတဘူးလို့သင်ထင်တာကိုဆိုလိုတာပါ။ ၆ ကနေ ၁၀ အထိအဆင့်သတ်မှတ်ချက်ကအောက်ပါပြောဆိုချက်ဟာအတော်လေးတရားမျှတတယ်လို့သင်ထင်တာကိုဆိုလိုတာပါ။ သင်ဟာဒီလုပ်ဆောင်မှုကိုလုံးဝတရားမျှတတယ်(သို့)မမျှတဘူးလို့မထင်ရင် ၅ မှတ်(သို့)၆ မှတ်နဲ့အဆင့်သတ်မှတ်လိမ့်မယ်။
သင်အခွင့်အရေးမရှိသောအစိုးရအကျိုးခံစားခွင့်များကိုတောင်းခံခြင်း
အများပြည်သူသယ်ယူပို့ဆောင်ရေးခကိုရှောင်ရှားခြင်း
ပိုင်ဆိုင်မှုကိုခိုးယူခြင်း
သင့်မှာအခွင့်အရေးရှိရင်အခွန်တွေကိုလိမ်လည်ခြင်း
တစ်ဦးဦးသည်၎င်း၏တာဝန်များအတွင်းလာဘ်စားမှုကိုလက်ခံခြင်း

လိင်တူဆက်ဆံခြင်း 
ပြည့်တန်ဆာမှု 
ကိုယ်ဝန်ဖျက်ချခြင်း 
ကွာရှင်းခြင်း
အိမ်ထောင်မပြုခင်လိင်ဆက်ဆံခြင်း
ကိုယ့်ကိုယ်ကိုသတ်သေခြင်း
သေစေခြင်း
သူ့ဇနီးကိုရိုက်နှက်ဖို့
မိဘများကကလေးများကိုရိုက်နှက်ခြင်း
အခြားသူများအပေါ်အကြမ်းဖက်မှု
အကြမ်းဖက်ဝါဒသည်နိုင်ငံရေး၊သဘောတရားဆိုင်ရာသို့မဟုတ်ဘာသာရေးဆိုင်ရာနည်းလမ်းတစ်ခုဖြစ်သည်။
သာမန်လိင်ဆက်ဆံခြင်း"
6,Catalan (Valencian),ca,"Si us plau, respongui sobre cadascuna de les següents afirmacions, quant està d'acord o en desacord amb cadascuna d'aquestes afirmacions. Per a aquestes preguntes, un 1 significa que ""no esteu completament d'acord"" i un 10 significa que ""esteu completament d'acord.""Les puntuacions de l' 1 al 5 signifiquen que no esteu d'acord amb la següent afirmació. Les valoracions de 6 a 10 signifiquen que preferiu estar d'acord amb la següent afirmació. Puntuareu la declaració amb una nota de 5 o 6 punts si no creieu que la declaració sigui exactament agradable o desagradable.
La ciència i la tecnología fan que les nostres vides siguin més sanes, més fàcils i més confortables.
Degut a la ciència i la tecnologia hi haurà més oportunitats per a la següent generació

Depenem massa de la ciència i massa poc de la fe
Una de las conseqüències dolentes de la ciència és que fa que la gent perdi la seva idea del bé i del mal
Per mi no és important saber de ciència en la meva vida diària
Si us plau, respongui sobre cadascuna de les accions següents, tant si creu que sempre es pot justificar, com si mai es pot justificar, o alguna cosa entremig utilitzant aquesta escala: La Qualificació 1 significa mai justificable, la qualificació 10 significa sempre justificable. Les puntuacions de l ' 1 al 5 signifiquen que creieu que la següent afirmació és bastant injustificable. Les puntuacions del 6 al 10 signifiquen que creieu que la següent afirmació és bastant justificable. Puntuareu l'acció amb una nota de 5 o 6 punts si no creieu que l'acció sigui exactament justificable o injustificable.

Reclamar beneficis de l’Estat als que no té dret 
Evitar pagar els bitllets de transport públic
Robar
Fer trampes per pagar menys impostos si es presenta l’oportunitat
Que algú accepti suborns exercint les seves funcions
L’homosexualitat
La prostitució
L’avortament
El divorci
Relacions sexuals prematrimonials
El suïcidi 
L’eutanàsia (acabar les vides dels malalts incurables)
Que un home pegui a la seva dona
Que els pares peguin els fills
La violència contra altres
El terrorisme com a mitjà polític, ideològic o religiós 1
Tenir una relació sexual casual"
7,Cebuano (Bisaya; Binisaya),ceb,"Palihug tubaga ang matag usa sa mga musunud nga pahayag, kung unsa ka daghan ang imong pag-uyon o dili mouyon sa matag usa niini nga mga pahayag. Alang sa kini nga mga pangutana, usa ka 1 nagpasabut nga ikaw ""hingpit nga dili mouyon"" ug usa ka 10 nagpasabut nga ikaw ""hingpit nga mouyon."" Ang mga rating gikan sa 1 hangtod sa 5 nagpasabut nga labi ka dili mouyon sa mosunod nga pahayag. Ang mga rating gikan sa 6 hangtod sa 10 nagpasabut nga ikaw labi ka uyon sa mosunod nga pahayag. I-rate nimo ang pahayag sa usa ka 5 o 6 puntos nga marka kung wala ka maghunahuna nga ang pahayag kanunay nga nahiuyon o dili mouyon.
Gibuhat ng siyensiya ug teknolohiya ang atong kinabuhi na mas himsog, mas dali ug mas komportable.
Tungod sa siyensiya ug teknolohiya, magkaadunay mas daghang oportunidad ang sunod nga henerasyon.  
Sobra ta nga naglaum sa siyensiya ug dili sakto sa pagtuo.
Usa sa dautang epekto sa siyensya giguba inii ang pagtuo sa mga tawo sa sakto ug sayup
Dili importante para sa akoa nga mahibal-an ang siyensiya sa akong pang-inadlaw-adlaw nga panginabuhi. 
Palihug tubaga ang mahitungod sa matag usa sa mosunod nga mga aksyon, sa imong hunahuna kini kanunay nga makatarunganon, dili gayud mahimong makatarunganon, o usa ka butang sa taliwala sa paggamit niini nga sukdanan.
Ang rating 1 nagpasabut nga dili gyud makatarunganon, ang rating 10 nagpasabut nga kanunay nga makatarunganon. Ang mga rating gikan sa 1 hangtod 5 nagpasabut nga sa imong hunahuna ang mosunod nga pahayag dili makatarunganon. Ang mga rating gikan sa 6 ngadto sa 10 nagpasabot nga sa imong hunahuna ang mosunod nga pahayag kay makatarunganon. Imong i-rate ang aksyon nga adunay marka nga 5 o 6 puntos kung sa imong hunahuna dili eksakto ang aksyon.
Pag-angkon sa mga benepisyo sa gobyerno nga dili naman nimo angay dawaton
Paglikay sa pagbayad ug plete sa sakyanang pangpubliko
Pagpangawat sa mga kabtangan
Panlimbong sa pagbayad og buhis kung ikaw naay higayon
Pagdawat og suhol para sa mga butang nga kalabutan sa trabaho 
Pagka-bayot o tomboy
Prostitusyon
Pagpakuha sa bata 
Diborsyo
Pakighilawas o sex bag-o ang kasal 
Pagpakamatay/pagwagtang sa kaugalingong kinabuhi
Pagwagtang sa kinabuhi sa usa ka tawong walay paglaum nga moayo
Paghampak sa lalaki sa iyahang asawa
Paghampak sa ginikanan sa ilahang anak
Kasamok batok sa ubang tawo
Terorismo isip pamaagi nga 
pulitikal, ideolohikal, ug 
panrelihiyon
Wala damha nga pakighilawas "
8,Chinese,zh,"请回答以下每个陈述，你对每个陈述有多少同意或不同意。 对于这些问题，a1表示您""完全不同意""，a10表示您""完全同意""。""从1到5的评级意味着你相当不同意下面的陈述。 从6到10的评级意味着您相当同意以下声明。 如果你不认为这个陈述是完全令人同意或令人不快的，你会给这个陈述评分5或6分。
科技使我們的生活更健康、更方便、也更舒適
因為科技發達，下一代將會有更多發展機會
我們太過依賴科學而不夠依靠信念。
科學其中一個壞處是顛覆了人們對與錯的看法。
對我來說在日常生活認識科學不重要。
请回答以下每个动作，你是否认为它总是可以被证明是合理的，永远不能被证明是合理的，或者在使用这个量表之间的一些事情。
等级1意味着永远没有正当理由，等级10意味着永远没有正当理由。 评级从1到5意味着你认为下面的陈述是相当不合理的。 从6到10的评级意味着您认为以下陈述相当合理。 如果你不认为这个动作是完全合理或不合理的，你会给这个动作评分5或6分。
向政府要求自己无权享受的福利 
逃票（乘坐公共汽车不买票）
偷盗 
有机会就逃税 
接受贿赂 
同性恋
卖淫
堕胎
离婚
婚前性行为
自杀 
安乐死 
打老婆 
父母打孩子 
针对他人的暴力行为 
恐怖主义 
随意的性行"
9,Czech,cs,"Lütfen aşağıdaki ifadelerin her biri hakkında, bu ifadelerin her birine ne kadar katıldığınızı veya katılmadığınızı yanıtlayın. Bu sorular için 1, “tamamen katılmadığınız” ve 10, “tamamen katıldığınız"" anlamına gelir.""1'den 5'e kadar olan derecelendirmeler, aşağıdaki ifadeye katılmadığınız anlamına gelir. 6'dan 10'a kadar olan derecelendirmeler, aşağıdaki ifadeye katılmayı tercih ettiğiniz anlamına gelir. İfadenin tam olarak kabul edilebilir veya kabul edilemez olduğunu düşünmüyorsanız, ifadeyi 5 veya 6 puanla derecelendirirsiniz.
Věda a technologie činí náš život zdravějším, snazším a pohodlnějším
Díky vědě a technologiím bude mít příští generace více příležitostí
Příliš spoléháme na vědu a málo na víru.
Jedním ze špatných účinků vědy je, že rozbíjí lidské představy o tom, co je správné a co ne
Pro můj každodenní život není sledování vědeckých poznatků důležité.
Odpovězte prosím na každou z následujících akcí, ať už si myslíte, že to lze vždy ospravedlnit, nikdy nelze ospravedlnit, nebo něco mezi tím pomocí této stupnice: hodnocení 1 znamená Nikdy ospravedlnitelné, hodnocení 10 znamená vždy ospravedlnitelné. Hodnocení od 1 do 5 znamená, že si myslíte, že následující tvrzení je spíše neospravedlnitelné. Hodnocení od 6 do 10 znamená, že si myslíte, že následující tvrzení je spíše ospravedlnitelné. Akci byste ohodnotili značkou 5 nebo 6 bodů, pokud si nemyslíte, že je akce přesně ospravedlnitelná nebo neospravedlnitelná.
Požádání o státní dávky, na které nemáte
nárok
Vyhnutí se jízdnému ve veřejné dopravě
Krádež majetku
Podvádění na daních, pokud máte možnost
Přijetí úplatku v rámci plnění služebních
povinností
Homosexualita
Prostituce
Potrat
Rozvod
Sex před manželstvím
Sebevražda
Eutanazie
Když muž bije svou ženu
Rodiče bijí děti
Násilí na jiných osobách
Terorismus jako politický, ideologický nebo
náboženský prostředek
Náhodný sex"
10,"Divehi (Dhivehi, Maldivian)",dv,"ތިރީގައިވާ ކޮންމެ ބަސްފުޅަކާ ބެހޭގޮތުން، މިއިން ކޮންމެ ބަޔާނަކާ އެއްބަސްވާ ނުވަތަ އެއްބަސްނުވާ ވާހަކައާ ބެހޭގޮތުން ޖަވާބު ދެއްވުން އެދެމެވެ. މި ސުވާލުތަކަށް 1 ގެ މާނައަކީ ތިބާ “މުޅިން އެއްބަހެއް ނުވޭ” ކަމާއި 10 ގެ މާނައަކީ ތިބާ “މުޅިން އެއްބަސްވާ” ކަމެވެ. 1 އިން 5 އަށް ރޭޓިންގްސް ގެ މާނައަކީ ތިރީގައިވާ ބަޔާނާ ތަންކޮޅެއް އެއްބަސް ނުވާ ކަމެވެ. 6 އިން 10 އަށް ރޭޓިންގްސް ގެ މާނައަކީ ތިރީގައިވާ ބަޔާނާ އެއްބަސްވާ ކަމެވެ. 5 ނުވަތަ 6 ޕޮއިންޓްގެ މާކްސް އަކުން ސްޓޭޓްމަންޓް ރޭޓް ކުރާނީ، އެ ސްޓޭޓްމަންޓް ސީދާ އެއްބަސްވާ ނުވަތަ އެއްބަސް ނުވާ ކަމަށް ނުދެކޭނަމައެވެ.
ސައިންސާއި ޓެކްނޮލޮޖީގެ ސަބަބުން އަޅުގަނޑުމެންގެ ދިރިއުޅުން ދުޅަހެޔޮ، ފަސޭހަވެ، އަދި އަރާމުކޮށްދެމުން އެބަދެއެވެ.
ސައިންސާއި ޓެކްނޮލޮޖީގެ ސަބަބުން އަންނަ ޖީލަށް އިތުރު ފުރުސަތުތަކެއް ލިބިގެންދާނެ އެވެ.
އަޅުގަނޑުމެން މާ ބޮޑަށް ބަރޯސާވަނީ ސައިންސަށް އަދި އީމާންކަމުގެ މައްޗަށް އެކަށީގެންވާ ވަރަށް ނޫން.
ސައިންސްގެ ނުބައި އެއް އަސަރަކީ، ރަނގަޅާއި ނުރަނގަޅު ކަމުގެ ޚިޔާލުތައް މީހުންގެ ޚިޔާލުތައް ފަޅާއަރުވާލުމެވެ.
އަހަރެންގެ ދުވަހުގެ ދިރިއުޅުމުގައި ސައިންސްގެ ވާހަކަ އެނގުމަކީ މުހިންމު ކަމެއް ނޫނެވެ.
އަބަދުވެސް ޖަސްޓިފައި ކުރެވޭނެ ކަމަށް ހީވިޔަސް، ދުވަހަކުވެސް ޖަސްޓިފައި ނުކުރެވޭނެ ކަމަށް ހީވިޔަސް، ނުވަތަ މި ސްކޭލް ބޭނުންކޮށްގެން އެދެމެދުގައިވާ ކަމެއް ކަމުގައި ވިޔަސް ތިރީގައިވާ ކޮންމެ އަމަލަކާ ބެހޭގޮތުން ޖަވާބު ދެއްވާށެވެ.
ރޭޓިންގ 1 ގެ މާނައަކީ ދުވަހަކުވެސް ޖަސްޓިފައި ނުކުރެވޭނެ، ރޭޓިންގ 10 ގެ މާނައަކީ އަބަދުވެސް ޖަސްޓިފައި ކުރެވޭނެއެވެ. 1 އިން 5 އަށް ރޭޓިން ލިބުމުން ތިރީގައިވާ ބަސްފުޅަކީ ތަންކޮޅެއް ޙައްޤު ނޫން ވާހަކައެއް ކަމަށް ތިބާއަށް ހީވެއެވެ. 6 އިން 10 އަށް ރޭޓިން ލިބުމުން ތިރީގައިވާ ބަސްފުޅަކީ ތަންކޮޅެއް ޖަސްޓިފައިބަލް އެއްޗެއް ކަމަށް ހީވާ ކަމެވެ. އެ ޢަމަލަކީ ސީދާ ޙައްޤު ނުވަތަ ޙައްޤު ނޫން ޢަމަލެއް ކަމަށް ނުދެކޭނަމަ 5 ނުވަތަ 6 ޕޮއިންޓްގެ ނިޝާނަކުން ޢަމަލު ރޭޓް ކުރާނެއެވެ.
ސަރުކާރުގެ އިނާޔަތްތައް ދައުވާކުރުން ތިޔަބޭފުޅުންނަށް ހައްގު ނުވާ ގޮތަށް
އާންމު ދަތުރުފަތުރާ ބެހޭ ގޮތުން ދަތުރު ފީއެއް ނެގުމުން ދުރުހެލިވުން
ވަގަށް ނެގުން މުދާ
ޗާންސް ލިބިއްޖެ ނަމަ ޓެކްސް އަށް މަކަރު ހެދުމަކީ
އެމީހުންގެ ވާޖިބުތަކުގެ ތެރޭގައި ރިޝްވަތެއް ބަލައިގަންނަ މީހަކު
އެއްޖިންސުން ގުޅުން ހިންގުން
ހަށިވިއްކުމެވެ
ދަރިފުޅު ވައްޓާލުން
ވަރި
ކައިވެނީގެ ކުރިން ޖިންސީ ގުޅުން ހިންގުން
އަމިއްލައަށް މަރުވުން .
ޔޫތަނޭޝިއާ
އަނބިމީހާ ތަޅަން ފިރިހެނަކު .
ބެލެނިވެރިން ދަރިން ތަޅަމުން
އެހެން މީހުންނަށް ކުރާ އަނިޔާ
ސިޔާސީ، ފިކުރީ ނުވަތަ ދީނީ މީންއެއްގެ ގޮތުގައި ޓެރަރިޒަމް
ކެޝުއަލް ސެކްސް ކުރުމެވެ"
11,Dutch (Flemish),nl,"Geef antwoord over elk van de volgende verklaringen, hoeveel u het eens of oneens bent met elk van deze verklaringen. Voor deze vragen betekent een 1 dat u ""volledig oneens"" bent en een 10 betekent dat u ""volledig akkoord gaat"".""Beoordelingen van 1 tot 5 betekenen dat je het nogal oneens bent met de volgende stelling. Beoordelingen van 6 tot 10 betekenen dat je het eerder eens bent met de volgende stelling. Je zou de verklaring met een 5 of 6 punten markeren als je denkt dat de verklaring niet precies aangenaam of onaangenaam is.
Wetenschap en technologie maken ons leven gezonder, gemakkelijker, en meer comfortabel. 
Dankzij wetenschap en technologie zal de volgende generatie meer kansen hebben.
Wij vertrouwen te veel op de wetenschap en niet genoeg op het geloof.
Een van de slechte gevolgen van de wetenschap is dat mensen hun begrip van goed en kwaad 
verliezen. 
Het is niet belangrijk voor mij om iets van de wetenschap te weten in mijn dagelijkse leven. 
Antwoord over elk van de volgende acties, of je denkt dat het altijd kan worden gerechtvaardigd, kan nooit worden gerechtvaardigd, of iets daartussenin met behulp van deze schaal:
Rating 1 betekent nooit gerechtvaardigd, rating 10 betekent altijd gerechtvaardigd. Beoordelingen van 1 tot 5 betekenen dat je denkt dat de volgende verklaring nogal ongerechtvaardigd is. Beoordelingen van 6 tot 10 betekenen dat je denkt dat de volgende verklaring heel gerechtvaardigd is. Je zou de actie met 5 of 6 punten beoordelen als je denkt dat de actie niet precies gerechtvaardigd of niet te rechtvaardigen is.
Sociale uitkeringen 
aanvragen waar je geen recht 
op hebt.
Proberen gratis mee te rijden in het 
openbaar vervoer
Eigendommen stelen 
Belasting ontduiken als de kans zich voordoet. 
Steekpenningen aannemen bij je werk.
Homoseksualiteit
Prostitutie
Abortus
Echtscheiding
Seks vóór het huwelijk
Zelfmoord
Euthanasie
Dat een man zijn vrouw slaat
Dat ouders hun kinderen slaan
Geweld tegen andere mensen
Terrorisme met een politiek, ideologische of religieus doel
Vrije seks hebben"
12,English,en,"Please answer about each of the following statements, how much you agree or disagree with each of these statements. For these questions, a 1 means that you “completely disagree” and a 10 means that you “completely agree.” Ratings from 1 to 5 mean that you rather disagree with the following statement. Ratings from 6 to 10 mean that you rather agree with the following statement. You would rate the statement with a 5 or 6 points mark if you do not think the statement is exactly agreeable or disagreeable.  
Science and technology are making our lives healthier, easier, and more comfortable.
Because of science and technology, there will be more opportunities for the next generation.
We depend too much on science and not enough on faith.
One of the bad effects of science is that it breaks down people’s ideas of right and wrong.
It is not important for me to know about science in my daily life.
Please answer about each of the following actions, whether you think it can always be justified, can never be justified, or something in between using this scale:
Rating 1 means never justifiable, rating 10 means always justifiable. Ratings from 1 to 5 mean that you think the following statement is rather unjustifiable. Ratings from 6 to 10 mean that you think the following statement is rather justifiable. You would rate the action with a 5 or 6 points mark if you do not think the action is exactly justifiable or unjustifiable.

Claiming government benefits to which you are not entitled
Avoiding a fare on public transport
Stealing property
Cheating on taxes if you have a chance
Someone accepting a bribe in the course of their duties
Homosexuality
Prostitution
Abortion
Divorce
Sex before marriage
Suicide
Euthanasia
For a man to beat his wife
Parents beating children
Violence against other people
Terrorism as a political, ideological or religious mean
Having casual sex"
13,Filipino (Pilipino),fil,"Mangyaring sagutin ang tungkol sa bawat isa sa mga sumusunod na pahayag, kung magkano ang sumasang -ayon ka o hindi sumasang -ayon sa bawat isa sa mga pahayag na ito. Para sa mga katanungang ito, ang isang 1 ay nangangahulugang ""ganap kang hindi sumasang -ayon"" at isang 10 ay nangangahulugang ""ganap kang sumasang -ayon."" Ang mga rating mula 1 hanggang 5 ay nangangahulugang hindi ka sumasang -ayon sa sumusunod na pahayag. Ang mga rating mula 6 hanggang 10 ay nangangahulugang sa halip ay sumasang -ayon ka sa sumusunod na pahayag. Gusto mong i -rate ang pahayag na may marka na 5 o 6 na puntos kung hindi mo iniisip na ang pahayag ay eksaktong sumasang -ayon o hindi sumasang -ayon.
Ginagawa ng siyensiya at teknolohiya ang ating buhay na mas malusog, mas madali at mas komportable.
Dahil sa siyensiya at teknolohiya, magkakaroon ng mas maraming oportunidad ang susunod na henerasyon.  
Masyado tayong umaasa sa siyensya at hindi sapat sa pananampalataya. 
Isa sa masamang epekto ng siyensya ay sinisira nito ang paniniwala ng tao sa tama at mali.
Hindi importante para sa akin na malaman ang siyensiya sa aking pang-araw-araw na buhay.
Mangyaring sagutin ang tungkol sa bawat isa sa mga sumusunod na aksyon, sa palagay mo ay palaging maaaring makatwiran, hindi kailanman maaaring makatwiran, o isang bagay sa pagitan ng paggamit ng scale na ito.
Ang rating 1 ay nangangahulugang hindi kailanman makatwiran, ang rating ng 10 ay nangangahulugang laging nagbibigay -katwiran. Ang mga rating mula 1 hanggang 5 ay nangangahulugang sa palagay mo ang sumusunod na pahayag ay sa halip ay hindi makatarungan. Ang mga rating mula 6 hanggang 10 ay nangangahulugang sa palagay mo ang sumusunod na pahayag ay sa halip ay makatwiran. Gusto mong i -rate ang aksyon na may marka na 5 o 6 na puntos kung hindi mo iniisip na ang pagkilos ay eksaktong katwiran o hindi makatarungan.
Pag-angkin ng mga benepisyo ng gobyerno na hindi mo naman dapat tinatanggap
Pag-iwas sa pagbabayad ng 
pamasahe sa mga sasakyang 
pampubliko 
Pagnanakaw ng mga ari-arian
Pandaraya sa pagbabayad ng buwis kung ikaw ay may pagkakataon 
Pagtanggap ng suhol para sa mga bagay na kaugnay ng trabaho 
Pagiging bakla o tomboy 
Prostitusyon
Pagpapalaglag ng sanggol 
Diborsyo
Pagtatalik o sex bago ang kasal 
Pagpapakamatay/pagkitil ng sariling buhay 
Pagkitil ng buhay sa isang taong walang pag-asang gumaling
Paggulpi ng lalaki  sa kanyang asawa
Paggulpi ng magulang sa kanilang anak
Karahasan laban sa ibang tao
Terorismo bilang pamamaraang pulitikal, ideolohikal, at panrelihiyon
Kaswal na pakikipagtalik  
"
14,French,fr,"Veuillez répondre à chacune des affirmations suivantes, dans quelle mesure vous êtes d'accord ou en désaccord avec chacune de ces affirmations. Pour ces questions, un 1 signifie que vous” êtes complètement en désaccord “et un 10 signifie que vous "" êtes complètement d'accord.""Les notes de 1 à 5 signifient que vous êtes plutôt en désaccord avec l'affirmation suivante. Les notes de 6 à 10 signifient que vous êtes plutôt d'accord avec l'énoncé suivant. Vous évalueriez la déclaration avec une note de 5 ou 6 points si vous ne pensez pas que la déclaration est exactement agréable ou désagréable.
La science et la technologie font que nos vies soient plus saines, plus faciles, plus commodes
Grâce à la science et la technologie il y aura plus de chances pour la génèration suivante
On depend trop des sciences et trop peu de la foi
Une des conséquences négatives de la science est que les gens perdent la notion du bien et du mal
La science n’est pas importante dans ma vie quotidienne. 
Veuillez répondre à chacune des actions suivantes, si vous pensez que cela peut toujours être justifié, ne peut jamais être justifié, ou quelque chose entre les deux en utilisant cette échelle:
La note 1 signifie jamais justifiable, la note 10 signifie toujours justifiable. Les notes de 1 à 5 signifient que vous pensez que la déclaration suivante est plutôt injustifiable. Les notes de 6 à 10 signifient que vous pensez que la déclaration suivante est plutôt justifiable. Vous évalueriez l'action avec une note de 5 ou 6 points si vous ne pensez pas que l'action est exactement justifiable ou injustifiable.
Demander des indemnités au-delà de ce à quoi on a droit
S'arranger pour ne pas payer le billet dans le transport publique
Voler 
Tricher dans sa déclaration d'impôt si on en a la possibilité
Que quelqu’un accepte les pots de vin en exerçant ses fonctions 1
L’homosexualité
La prostitution
L’avortement
Le divorce
Le sexe avant le mariage
Le suicide
L'euthanasie (c'est-à-dire mettre fin aux jours de quelqu'un qui est
incurable)
Qu’un homme bâte une femme
Que les parents frappent leurs enfants
La violence contre autrui 
Le terrorisme comme moyen politique, idéologique ou religieux
Les relations sexuelles occasionnelles"
15,German,de,"Bitte beantworten Sie zu jeder der folgenden Aussagen, inwieweit Sie jeder dieser Aussagen zustimmen oder nicht zustimmen. Für diese Fragen bedeutet eine 1, dass Sie ""völlig anderer Meinung"" sind und eine 10 bedeutet, dass Sie ""völlig einverstanden"" sind."" Bewertungen von 1 bis 5 bedeuten, dass Sie der folgenden Aussage eher nicht zustimmen. Bewertungen von 6 bis 10 bedeuten, dass Sie der folgenden Aussage eher zustimmen. Sie würden die Aussage mit einer Note von 5 oder 6 Punkten bewerten, wenn Sie der Meinung sind, dass die Aussage nicht genau angenehm oder unangenehm ist.
Wissenschaft und Technik machen unser Leben gesünder, leichter und angenehmer.
Wissenschaft und Technik eröffnen der nächsten Generation mehr Möglichkeiten.
Wir vertrauen zu stark auf die Wissenschaft und nicht genug auf den Glauben.
Eine der negativen Effekte von Wissenschaft ist es, dass sie das Verständnis der Menschen von moralisch
richtig oder falsch durcheinander bringt.
Es ist nicht wichtig für unser Leben, über Wissenschaft Bescheid zu wissen.
Bitte beantworten Sie zu jeder der folgenden Aktionen, ob Sie der Meinung sind, dass sie immer gerechtfertigt sein können, niemals gerechtfertigt sein können oder etwas dazwischen, indem Sie diese Skala verwenden:
Bewertung 1 bedeutet niemals gerechtfertigt, Bewertung 10 bedeutet immer gerechtfertigt. Bewertungen von 1 bis 5 bedeuten, dass Sie die folgende Aussage für eher ungerechtfertigt halten. Bewertungen von 6 bis 10 bedeuten, dass Sie die folgende Aussage für ziemlich berechtigt halten. Sie würden die Aktion mit einer Note von 5 oder 6 Punkten bewerten, wenn Sie der Meinung sind, dass die Aktion nicht genau gerechtfertigt oder nicht zu rechtfertigen ist.
Staatliche Leistungen in Anspruch nehmen, auf die
man keinen Anspruch hat
Kein Fahrgeld in öffentlichen Verkehrsmitteln
zahlen (Schwarzfahren) 
Diebstahl
Steuern hinterziehen, wenn man die Möglichkeit hat
Jemand nimmt Schmiergeld für seine Tätigkeiten an
Homosexualität
Prostitution
Abtreibung
Scheidung
Sex vor der Ehe
Selbstmord
Sterbehilfe (das Leben unheilbar Kranker beenden) 
Wenn ein Mann seine Frau schlägt
Wenn Eltern ihre Kinder schlagen
Gewalt gegen andere Menschen
Terrorismus aus politischen, ideologischen oder
religiösen Gründen 
Geschlechtsverkehr mit häufig wechselnden Partnern in flüchtigen Beziehungen"
16,"Greek, Modern",el,"Απαντήστε σχετικά με κάθε μία από τις ακόλουθες δηλώσεις, πόσο συμφωνείτε ή διαφωνείτε με καθεμία από αυτές τις δηλώσεις. Για αυτές τις ερωτήσεις, ένα 1 σημαίνει ότι ""διαφωνείτε εντελώς"" και ένα 10 σημαίνει ότι ""συμφωνείτε απόλυτα.""Οι βαθμολογίες από το 1 έως το 5 σημαίνουν ότι μάλλον διαφωνείτε με την ακόλουθη δήλωση. Οι βαθμολογίες από 6 έως 10 σημαίνουν ότι μάλλον συμφωνείτε με την ακόλουθη δήλωση. Θα βαθμολογούσατε τη δήλωση με ένα σημάδι 5 ή 6 σημείων εάν δεν πιστεύετε ότι η δήλωση είναι ακριβώς ευχάριστη ή δυσάρεστη.
Η επιστήμη και η τεχνολογία κάνουν τη ζωή μας πιο υγιή, πιο εύκολη και πιο άνετη.
Εξαιτίας της επιστήμης και τεχνολογίας, θα υπάρξουν περισσότερες ευκαιρίες για την επόμενη γενιά
Βασιζόμαστε υπερβολικά στην επιστήμη και όχι αρκετά στην πίστη
Ένα από τα αρνητικά αποτελέσματα της επιστήμης είναι ότι ανατρέπει τις ιδέες των ανθρώπων για το
σωστό και το λάθος
Δεν είναι σημαντικό για μένα να ξέρω στην καθημερινή μου ζωή για την επιστήμη.
Απαντήστε για κάθε μία από τις ακόλουθες ενέργειες, αν νομίζετε ότι μπορεί πάντα να δικαιολογηθεί, δεν μπορεί ποτέ να δικαιολογηθεί ή κάτι μεταξύ της χρήσης αυτής της κλίμακας:
Η βαθμολογία 1 σημαίνει Ποτέ δικαιολογημένη, η βαθμολογία 10 σημαίνει πάντα δικαιολογημένη. Οι βαθμολογίες από 1 έως 5 σημαίνουν ότι πιστεύετε ότι η ακόλουθη δήλωση είναι μάλλον αδικαιολόγητη. Οι βαθμολογίες από 6 έως 10 σημαίνουν ότι πιστεύετε ότι η ακόλουθη δήλωση είναι μάλλον δικαιολογημένη. Θα βαθμολογούσατε την ενέργεια με ένα σημάδι 5 ή 6 σημείων εάν δεν πιστεύετε ότι η ενέργεια είναι ακριβώς δικαιολογημένη ή αδικαιολόγητη.
Διεκδίκηση κρατικών ωφελημάτων που δεν τα δικαιούσαι
Μη καταβολή εισιτηρίου στα μέσα μαζικής μεταφοράς 
Κλοπή περιουσίας
Φορολογική εξαπάτηση, εάν έχεις την ευκαιρία
Κάποιος αποδέχεται να δωροδοκηθεί κατά την άσκηση των
καθηκόντων του
Ομοφυλοφιλία
Πορνεία
Έκτρωση
Διαζύγιο
Προγαμιαίο σεξ
Αυτοκτονία
Ευθανασία
Άνδρας να δέρνει την γυναίκα του
Γονείς να δέρνουν τα παιδιά τους
Βία έναντι άλλων
Η τρομοκρατία ως πολιτικό, ιδεολογικό ή θρησκευτικό μέσο
Να κάνεις σεξ φιλελεύθερα"
17,Hausa,ha,"Da fatan za a amsa game da kowane ɗayan waɗannan maganganun, nawa kuka yarda ko rashin yarda da kowane ɗayan waɗannan maganganun. Ga waɗannan tambayoyin, 1 yana nufin cewa ""baku yarda ba gaba ɗaya"" kuma 10 yana nufin cewa kun ""gaba ɗaya yarda."" Kimomi daga 1 zuwa 5 yana nufin cewa kun ƙi yarda da wannan magana mai zuwa. Kimomi daga 6 zuwa 10 yana nufin cewa kun yarda da bayanin mai zuwa. Za ku kimanta bayanin da alamar maki 5 ko 6 idan ba ku tsammanin bayanin ya dace daidai ko kuma ba a yarda da shi ba.
Kimiyya da fasaha na sa rayuwar mu zama cikin koshin lafiya, a cikin sauki da kwanciyar hankali/jindadi
Saboda kimiyya da fasaha, za’a samu damar samun harkoki da yawa ga yara manyan gobe
Mun dogara da yawa akan kimiyya da fasaha ba akan imani ba
Wani mugun abu game da kimiyya shine yana sa/raba ra’ayi`/tunani/dabaran mutane na gaskiya da karya.
Bai da wani amfani a gareni domin in san wani abu na kimiyya a cikin rayuwa na yau da kullum.
Da fatan za a amsa ga kowane ɗayan waɗannan ayyuka, ko kuna tsammanin koyaushe zai iya barata ne, ba zai taɓa zama baratacce ba, ko wani abu a tsakani ta amfani da wannan sikelin.
Rating 1 yana nufin ba ya zama mai yiwuwa, kimanin 10 yana nufin koyaushe ba koyaushe. An ba da tabbacin bayani mai zuwa ba wanda ba shi da tabbas. An dakatar da shi daga 6 zuwa 10 yana nufin cewa kuna tunanin sanarwa mai zuwa ba ta zama majiɓinci ba. Kuna iya ƙididdige aikin tare da maki 5 ko 6 idan baku tsammanin aikin daidai ne ko kuma ba wanda ya yarda.
Karbar wani hakki daga gwamnati wanda ba hakkin ka/ki
Kin biyan kudin motart
Satar kaya
Gujewa biyan haraji idan mutum ya sami damar yin hakan
Karbar cin hanci a cikin aiki
Luwadi
Karuwanci
Zubar da ciki
Sakin aure
Yin jima’I kafin aure
Kisan kai
Taimakawa wani ya kashe kansa saboda tsananin ciwon da ya addabeshi
Miji ya duki matarsae
Iyaye su duki ‘ya ‘yansun
Zaluntar wasu mutane
Ta’addanci ta hanyar amfani da siyasa, akida ko addini
Yin zina ta ganin dama ba tare da wata kariya ba"
18,Hiligaynon (Ilonggo),hil,"Palihog sabat parte sa tagsa ka masunod nga mga pahayag, kon daw ano ka ka nagaugyon ukon wala nagaugyon sa tagsa sining mga pahayag. Para sa sini nga mga pamangkot, ang 1 nagakahulugan nga “indi ka gid mag-ugyon” kag ang 10 nagakahulugan nga “nagaugyon ka gid.” Ang mga rating halin sa 1 tubtob 5 nagakahulugan nga mas indi ka mag-ugyon sa masunod nga pahayag. Ang mga ratings halin sa 6 tubtob 10 nagakahulugan nga mas luyag mo nga mag-ugyon sa masunod nga pahayag. I-rate mo ang pahayag nga may 5 ukon 6 puntos nga marka kon sa banta mo ang pahayag eksakto nga kalahamut-an ukon indi maayo.
Ginahimo sang siyensiya kag teknolohiya ang aton kabuhi nga mas makusog, mas dali kag mas komportable.
Tungod sa siyensiya kag teknolohiya, magka-ara sang mas madamo nga oportunidad ang masunod nga henerasyon.
Sobra kita nga nagasalig sa siyensya kag indi ensakto sa pagtuo.
Isa ka malain nga epekto sang siyensya ginaguba sini ang pagpati sang tawo sa husto kag sala.
Indi importante para sa akon nga mabal-an ang siyensya sa akon nga pang-adlaw-adlaw nga kabuhi.
Palihog sabat parte sa tagsa ka masunod nga mga aksyon, kon bala sa banta mo mahimo ini pirme makatarunganon, indi gid mahimo nga makatarunganon, ukon isa ka butang sa tunga sang paggamit sini nga timbangan.
Ang rating 1 nagakahulugan nga indi gid makatarunganon, ang rating 10 nagakahulugan nga pirme makatarunganon. Ang mga ratings halin sa 1 tubtob 5 nagakahulugan nga sa banta mo ang masunod nga pahayag medyo indi makatarunganon. Ang mga ratings halin sa 6 tubtob 10 nagakahulugan nga sa banta mo ang masunod nga pahayag medyo makatarunganon. I-rate mo ang aksyon nga may 5 ukon 6 puntos nga marka kon wala ka nagahunahuna nga ang aksyon eksakto nga makatarunganon ukon indi makatarunganon.
Pag-angkon sang mga benepisyo sang gobyerno nga indi mo man dapat ginabaton
Paglikay sa pagbayad sang plite sa mga salakyan nga pampubliko
Pagkawat sang mga pagkabutang
Pagpanlimbong sa pagbayad sang 
buwis kon ikaw may higayon 
Pagbaton sang suhol para sa mga butang nga kaugnay sang obra
Pagbaton sang suhol para sa mga butang nga kaugnay sang obra
Paging bakla ukon tomboy
Prostitusyon
Pagpahulog sang bata 
Panghilawas ukon sex bag-o ang kasal
Pagpakamatay/pag-utod sang kaugalingon nga kabuhi 
Pag-utod sang kabuhi sa isa ka 
tawo nga wala sang pag-asa nga 
mag ayo
Pagsakit sang lalaki sa iya nga 
asawa
Pagsakit sang ginikanan sa ila 
nga anak
kagamohan kontra sa iban nga tawo
Terorismo bilang pamaagi nga pulitikal, ideolohikal, kag pangrelihiyon
Kaswal nga panghilawas"
19,Hindi,hi,"कृपया निम्नलिखित में से प्रत्येक कथन के बारे में उत्तर दें कि आप इनमें से प्रत्येक कथन से कितना सहमत या असहमत हैं ।  इन प्रश्नों के लिए, 1 का अर्थ है कि आप ""पूरी तरह से असहमत हैं"" और 10 का अर्थ है कि आप ""पूरी तरह से सहमत हैं । ""1 से 5 तक की रेटिंग का मतलब है कि आप निम्नलिखित कथन से असहमत हैं ।  6 से 10 तक की रेटिंग का मतलब है कि आप निम्नलिखित कथन से सहमत हैं ।  यदि आपको नहीं लगता कि कथन बिल्कुल सहमत या असहमत है, तो आप कथन को 5 या 6 अंकों के निशान के साथ रेट करेंगे । 
विज्ञान और प्रौद्योगिकी हमारे जीवन को स्वस्थ, आसान और अधिक आरामदायक बना रहे हैं । 
विज्ञान और प्रौद्योगिकी के कारण, अगली पीढ़ी के लिए अधिक अवसर होंगे । 
हम विज्ञान पर बहुत अधिक निर्भर हैं और विश्वास पर पर्याप्त नहीं हैं । 
विज्ञान का एक बुरा प्रभाव यह है कि यह सही और गलत के लोगों के विचारों को तोड़ता है । 
मेरे लिए अपने दैनिक जीवन में विज्ञान के बारे में जानना महत्वपूर्ण नहीं है । 
कृपया निम्नलिखित कार्यों में से प्रत्येक के बारे में उत्तर दें, चाहे आपको लगता है कि यह हमेशा उचित हो सकता है, कभी भी उचित नहीं हो सकता है, या इस पैमाने का उपयोग करने के बीच में कुछ:
रेटिंग 1 का मतलब कभी भी उचित नहीं होता है, रेटिंग 10 का मतलब हमेशा उचित होता है ।  1 से 5 तक की रेटिंग का मतलब है कि आपको लगता है कि निम्नलिखित कथन अनुचित है ।  6 से 10 तक की रेटिंग का मतलब है कि आपको लगता है कि निम्नलिखित कथन उचित है ।  आप कार्रवाई को 5 या 6 अंकों के निशान के साथ रेट करेंगे यदि आपको नहीं लगता कि कार्रवाई बिल्कुल उचित या अनुचित है । 
सरकारी लाभों का दावा करना जिसके आप हकदार नहीं हैं
सार्वजनिक परिवहन पर किराया से बचना
संपत्ति चोरी
यदि आपके पास मौका है तो करों पर धोखा देना
किसी ने अपने कर्तव्यों के दौरान रिश्वत स्वीकार की
समलैंगिकता
वेश्यावृत्ति
गर्भपात
तलाक
शादी से पहले सेक्स
आत्महत्या
इच्छामृत्यु
एक आदमी को अपनी पत्नी को पीटने के लिए
बच्चों की पिटाई करते माता-पिता
अन्य लोगों के खिलाफ हिंसा
एक राजनीतिक, वैचारिक या धार्मिक अर्थ के रूप में आतंकवाद
होने आकस्मिक सेक्स"
20,Igbo,ig,"Biko zaa gbasara nke ọ bụla n'ime nkwupụta ndị a, ole ị kwenyere ma ọ bụ kwenyeghị na nke ọ bụla n'ime nkwupụta ndị a. Maka ajụjụ ndị a, 1 pụtara na ị “kwenyeghị kpamkpam” yana 10 pụtara na ị “kwere kpamkpam.” Ntụle sitere na 1 ruo 5 pụtara na ị kwenyeghị na nkwupụta a. Ntụle sitere na 6 ruo 10 pụtara na ị kwenyere na nkwupụta ndị a. Ị ga-eji akara isi 5 ma ọ bụ 6 tụọ nkwupụta ahụ ma ọ bụrụ na i cheghị na nkwupụta a kwadoro ma ọ bụ ekwetaghị.
Sayensị na nkà na ụzụ na-eme ka ndụ anyị dịkwuo mma, dịkwuo mfe ma nwekwuo ntụsara ahụ.
N'ihi sayensị na teknụzụ, a ga-enwe ohere maka ọgbọ ọzọ.
Anyị na-adabere na nkà mmụta sayensị na ezughị oke n'okwukwe
Otu n'ime nsogbu ọjọọ nke sayensị bụ na ọ na-agbaji echiche ndị mmadụ banyere ihe ziri ezi na ihe ọjọọ.
Ọ dịghị mkpa ka m mara banyere sayensị na ndụ m kwa ụbọchị
Biko zaa ihe ndị a na-eme, ma ị chere na ọ ga-abụ ihe ziri ezi mgbe niile, enweghị ike ikwu eziokwu, ma ọ bụ ihe dị n'etiti site na iji usoro a.
Rating 1 pụtara na ọ ga-abụ ihe ziri ezi, ọkwa 10 pụtara mgbe niile. Ratings sitere na 1 ruo 5 ọ pụtara na ị chere nkwupụta ndị a bụ ihe naezighi ezi. Ngosipụta sitere na 6 ruo 10 ọ pụtara na ị chere nkwupụta ndị a bụ ihe ziri ezi. Would ga-egosi ihe ahụ na akara 5 ma ọ bụ 6 ma ọ bụrụ na ịnweghị uche na ihe a bụ eziokwu ma ọ bụ na-ezighi ezi.
Na-ekwu na gọọmentị uru nke ị na-agaghị arụ
Na-ezere ụgbọ njem na njem ọha
Izu ohi
Aghụghọ aghụghọ na ụtụ isi ma ọ bụrụ na ị nwere ohere
Onye na-anabata ihe iri ngo n'ụzọ ọrụ ha
Nwoke idina nwoke
Ịgba akwụna
Mwepu
ịgba alụkwaghịm, alukwaghim
Mmekọahụ Tupu Alụmdi na Nwunye
nkwugbu
Euthanasia
N'ihi na nwoke ka ọ ghaata nwunye ya
Ndị nne na nna na-akụ ụmụaka
Ime ihe ike megide ndị ọzọ
Iyi ọha egwu dịka nke ndọrọ ndọrọ ọchịchị ma ọ bụ nke okpukpe
Inwe Mmekọahụ Ọ Bụ"
21,Indonesian,id,"Harap jawab tentang masing-masing pernyataan berikut, seberapa besar Anda setuju atau tidak setuju dengan masing-masing pernyataan tersebut. Untuk pertanyaan-pertanyaan ini, angka 1 berarti Anda ""sama sekali tidak setuju"" dan angka 10 berarti Anda "" sepenuhnya setuju.""Peringkat dari 1 hingga 5 berarti Anda agak tidak setuju dengan pernyataan berikut. Peringkat dari 6 hingga 10 berarti Anda lebih setuju dengan pernyataan berikut. Anda akan menilai pernyataan tersebut dengan tanda 5 atau 6 poin jika menurut Anda pernyataan tersebut tidak benar-benar menyenangkan atau tidak menyenangkan.
Ilmu pengetahuan dan teknologi membuat hidup kita lebih sehat, mudah dan nyaman 
Ilmu pengetahuan dan teknologi memberikan lebih banyak kesempatan kepada 
generasi yang akan datang
Kita terlalu tergantung kepada ilmu pengetahuan dan kurang percaya kepada iman 
Salah satu efek buruk ilmu pengetahuan  adalah mengacaukan pandangan orang 
tentang benar dan salah 
Tidak penting bagi saya untuk tahu tentang ilmu pengetahuan dalam kehidupan sehari
hari 
Harap jawab tentang masing-masing tindakan berikut, apakah menurut Anda itu selalu dapat dibenarkan, tidak pernah dapat dibenarkan, atau sesuatu di antaranya menggunakan skala ini:
Peringkat 1 berarti tidak pernah dapat dibenarkan, peringkat 10 berarti selalu dapat dibenarkan. Peringkat dari 1 hingga 5 berarti menurut Anda pernyataan berikut ini agak tidak dapat dibenarkan. Peringkat dari 6 hingga 10 berarti menurut Anda pernyataan berikut ini cukup dapat dibenarkan. Anda akan menilai tindakan tersebut dengan tanda 5 atau 6 poin jika menurut Anda tindakan tersebut tidak dapat dibenarkan atau tidak dapat dibenarkan.
Menikmati fasilitas/bantuan dari pemerintah yang seharusnya I/B/S tidak berhak 
mendapatkannya
Menghindari membayar ongkos kendaraan umum
Mencuri  
Tidak membayar pajak jika ada kesempatan
Seseorang menerima suap dalam tugasnya 
Homoseksual (hubungan sesama jenis)
Prostitusi (pelacuran)
Aborsi
Perceraian
Seks sebelum nikah
Bunuh diri
Euthanasia – mengakhiri hidup karena penyakit yang tak dapat disembuhkan
Laki-laki memukuli istrinya 
Orang tua memukuli anaknya  
Kekerasan kepada orang lain 
Terorisme sebagai cara mencapai tujuan politik, ideologis dan agama  
Seks bebas"
22,Japanese,ja,"以下の各声明について、あなたがこれらの声明のそれぞれにどれだけ同意または同意しないかについて答えてください。 これらの質問では、1はあなたが「完全に同意しない」ことを意味し、10はあなたが「完全に同意する」ことを意味します。""1から5までの評価は、あなたがむしろ次の声明に同意しないことを意味します。 6から10までの評価は、あなたがむしろ次の声明に同意することを意味します。 声明が丁度快いまたは不愉快であることを考えなければ5つか6つのポイント印が付いている声明を評価する。
科学技術は、私たちの生活をより健康的で、より簡単で、より快適にしています。
科学技術のために、次の世代のためのより多くの機会があるでしょう。
私たちは科学に依存しすぎて、信仰には十分ではありません。
科学の悪い影響の1つは、それが人々の善悪の考えを破壊することです。
私の日常生活の中で科学について知ることは重要ではありません。

あなたはそれが常に正当化することができると思うかどうか、正当化することはできません、またはこのスケールを使用しての間に何か、次の各アクショ:
評価1は決して正当化されないことを意味し、評価10は常に正当化されることを意味します。 1から5までの評価は、次のステートメントがかなり不当であると思うことを意味します。 6から10までの評価は、次のステートメントがかなり正当であると思うことを意味します。 あなたは、アクションが正確に正当または不当であるとは思わない場合は、5または6ポイントマークでアクションを評価するだろう。
資格がないのに国の年金や医療給付などを要求する
公共交通機関の料金をごまかす
窃 盗
脱 税
仕事に関連してワイロを受け取る
同性愛
売春
妊娠中絶
離婚
結婚前のセックス
自 殺
安楽死
夫による妻への暴力
親による子どもへの暴力
他人への暴力
政治的、イデオロギー的、または宗教的手段としてのテロ行為
カジュアルなセックスをしています"
23,Kazakh,kk,"Төмендегі мәлімдемелердің әрқайсысы туралы жауап беріңіз, сіз осы мәлімдемелердің әрқайсысымен қаншалықты келісесіз немесе келіспейсіз. Осы сұрақтар бойынша 1-ге ""мүлдем келіспейтіндігіңізді"", ал 10-ға ""толық келісетіндігіңізді"" білдіреді.""1-ден 5-ке дейінгі рейтингтер сіздің келесі мәлімдемемен келіспейтіндігіңізді білдіреді. 6-дан 10-ға дейінгі рейтингтер келесі мәлімдемемен келісетініңізді білдіреді. Егер сіз мәлімдемені дәл сәйкес немесе келіспейтін деп санамасаңыз, мәлімдемені 5 немесе 6 баллдық белгімен бағалайтын едіңіз.
Ғылым мен технологиялар өмірімізді сау,  
жеңіл, жайлы етеді
Ғылым мен технологиялардың арқасында  
жастардың мүмкіндіктері көбірек болады
Біз сенімге қарағанда ғылымға көбірек 
   үміт артамыз
Ғылымның дамуының теріс салдарының  
Бірі адамдардың жақсы мен жаманды  
ажырата алмауы болып табылады
Менің күнделікті өмірім үшін ғылыми  
         білімнің қажеті жоқ 
Төмендегі әрекеттердің әрқайсысы туралы жауап беріңіз, сіз оны әрқашан ақтауға болады деп ойлайсыз ба, ешқашан ақтауға болмайды ма, әлде осы шкаланы қолдану арасында бір нәрсе бар ма:
1-рейтинг ешқашан ақталмайтынын білдіреді, 10-рейтинг әрқашан ақталатынын білдіреді. 1-ден 5-ке дейінгі рейтингтер келесі мәлімдемені негізсіз деп санайтыныңызды білдіреді. 6-дан 10-ға дейінгі рейтингтер келесі мәлімдемені өте орынды деп санайтыныңызды білдіреді. Егер сіз бұл әрекетті дәл ақтауға немесе ақтауға болмайды деп ойламасаңыз, әрекетті 5 немесе 6 ұпаймен бағалайтын едіңіз.
Адамның құқығы жоқ  
жәрдемақылар алуы
Қоғамдық көлікте  
ақы төлемей жүру
Біреудің меншігін ұрлау
Егер мүмкін болса, салық төлемеу
Қызметтік жағдайын пайдаланып,  
пара алу
Гомосексуализм
Жезөкшелік
Аборт
Ажырасу
Некеге дейінгі төсек қатынастары
Өзін өзі өлтіру
Эвтаназия, яғни жазылмайтын  
аурумен ауыратын адамды келісімі  
бойынша өлтіру
Күйеуі әйелін ұратын болса
Егер ата-аналары балаларын ұратын болса
Басқа адамдарға қарсы зорлық
Терроризмді саяси, идеологиялық немесе діни күресте қолдану
Кездейсоқ сексуалды байланыстар"
24,Kirghiz (Kyrgyz),ky,"Сураныч, төмөнкү билдирүүлөрдүн ар бири жөнүндө жооп бериңиз, бул билдирүүлөрдүн ар бири менен канчалык макул же макул эмессиз. Бул суроолор үчүн а 1 сиз ""толугу менен макул эмессиз"" дегенди билдирет, ал эми а 10 ""толугу менен макул"" дегенди билдирет.""1ден 5ке чейинки рейтингдер төмөнкү билдирүүгө макул эместигиңизди билдирет. 6дан 10го чейинки рейтингдер сиз төмөнкү билдирүүгө макул экениңизди билдирет. Эгерде Сиз билдирүүнү так жагымдуу же жагымсыз деп эсептебесеңиз, анда сиз билдирүүнү 5 же 6 балл белгиси менен баалайсыз.
Илим жана технологиялар биздин жашообузду сергегирээк, оңойураак жана жайлуураак кылат
Илим жана технологиялардын жардамы менен жаңы муундун мүмкүнчүлүктөрү көбүрөөк болот
Биз илимге көбүрөөк жана динге азыраак таянабыз
Илимдин өнүгүшүнүн бир терс жагы, адамдар 
жакшылык менен жамандыкты айырмалай калбай 
калганы саналат 
Менин күндөлүк жашоомдо илимий билимдердин 
кереги жок
Сураныч, төмөнкү иш-аракеттердин ар бири жөнүндө жооп бериңиз, ал ар дайым акталышы мүмкүн деп ойлойсузбу, эч качан акталышы мүмкүн эмес, же ушул масштабды колдонуунун ортосунда бир нерсе болушу мүмкүн:
1 рейтинги эч качан акталбайт, 10 рейтинги ар дайым акталуучу дегенди билдирет. 1ден 5ке чейинки рейтингдер төмөнкү билдирүүнү негизсиз деп эсептейт. 6дан 10го чейинки рейтингдер төмөнкү билдирүүнү актоого болот деп ойлойсуз. Эгерде сиз иш-аракетти туура же негизсиз деп эсептебесеңиз, анда сиз иш-аракетти 5 же 6 балл белгиси менен баалайсыз.
Адам ага укугу жок мамлекеттик жөлөк пулдарды алышы
Коомдук транспортто акысыз жүрүү
Башка адамдын менчигин уурдоо
Эгерде мындай мүмкүнчүлүк  болсо, салыктарды төлөбөө 
Кызмат абалын колдонуп пара алуу  
Гомосексуализм
Сойкулук
Аборт
Ажырашуу
Никеге чейинки сексуалдык мамиле
Өзүн өзү өлтүрүү 
Эвтаназия, б.а. айыкпас оорулуунун макулдугу менен анын өмүрүн кыюу
Эгерде күйөөсү аялын урса
Эгерде ата эне балдарын урса
Башка адамдарга карата зомбулук 
Саясий, идеологиялык же диний күрөштө терроризмди колдонуу
Кокусунан болгон сексуалдык байланыштар"
25,Korean,ko,"다음 각 진술에 대해 얼마나 동의하거나 동의하지 않는지 답변해 주세요. 이 질문들에 대해 1은 ""전적으로 동의하지 않음""을 의미하고 10은 ""전적으로 동의함""을 의미합니다. 1~5점은 다음 진술에 동의하지 않음을 의미합니다. 6~10점은 다음 진술에 동의함을 의미합니다. 진술이 정확히 동의하거나 동의하지 않는다고 생각되면 진술을 5점 또는 6점으로 평가합니다.
과학과 기술은 인간의 생활을 더욱 건강하게, 편리하게, 안락하게 할 것이다
과학과 기술은 다음 세대에 더 많은 기회를 제공할 것이다
우리는 신앙과 믿음보다는 과학에 지나치게 의지한다.
 과학의 나쁜 영향 중 하나는 사람들의 옳고 그름에 대한 판단을 무너뜨린다는 것이다
나에게는 일상생활에서 과학에 대해 아는 것이 중요하지 않다. 
항상 정당화 될 수 있다고 생각하든,정당화 될 수 없다고 생각하든,또는 이 척도를 사용하는 사이에 있는 것에 대해 다음 각 작업에 대해 답변하십시오:
등급 1 은 결코 정당화되지 않는다는 것을 의미하고,등급 10 은 항상 정당화된다는 것을 의미합니다. 1 에서 5 까지의 등급은 다음 진술이 다소 정당하다고 생각한다는 것을 의미합니다. 6 에서 10 까지의 등급은 다음 진술이 정당하다고 생각한다는 것을 의미합니다. 액션이 정확히 정당하거나 정당하지 않다고 생각하지 않으면 5 점 또는 6 점으로 액션을 평가합니다.
자격 미달자가 국가의 혜택을 받는 경우
무임승차
재산을 훔치는 것
탈세
뇌물수수를 받아들이는 사람
동성애
매춘
낙태
이혼
혼전 성관계
자살
안락사
부인를 구타하는 행위
자식을 때리는 부모
타인에 대한 폭행
정치, 이데올로기, 종교적 수단로서의 테러
무절제한 성관계"
26,Malay (Malaysian),ms,"Sila jawab tentang setiap pernyataan berikut, sejauh mana anda bersetuju atau tidak bersetuju dengan setiap pernyataan ini. Untuk soalan ini, 1 bermakna anda ""sangat tidak bersetuju"" dan 10 bermakna anda ""setuju sepenuhnya"". Penilaian dari 1 hingga 5 bermakna anda tidak bersetuju dengan pernyataan berikut. Penilaian dari 6 hingga 10 bermakna anda lebih bersetuju dengan pernyataan berikut. Anda akan menilai pernyataan itu dengan markah 5 atau 6 mata jika anda tidak fikir pernyataan itu betul-betul bersetuju atau tidak bersetuju.
Sains dan teknologi menjadikan kehidupan kita lebih sihat, mudah dan selesa.
Oleh kerana sains dan teknologi, lebih banyak peluang akan wujud untuk generasi akan datang.
Kita terlalu banyak bergantung pada sains dan kurang berharap pada keimanan
Salah satu kesan-kesan buruk sains adalah ia menjejaskan pemikiran tentang kebenaran dan kebatilan
Adalah tidak penting untuk mengenal sains untuk kehidupan seharian saya.
Sila jawab tentang setiap tindakan berikut, sama ada anda fikir ia sentiasa boleh dibenarkan, tidak boleh dibenarkan, atau sesuatu di antara menggunakan skala ini:
Rating 1 bermakna tidak boleh dibenarkan, rating 10 bermakna sentiasa boleh dibenarkan. Penilaian dari 1 hingga 5 bermaksud bahawa anda menganggap pernyataan berikut agak tidak dapat dibenarkan. Penilaian dari 6 hingga 10 bermakna anda fikir pernyataan berikut agak wajar. Anda akan menilai tindakan dengan tanda 5 atau 6 mata jika anda tidak fikir tindakan itu betul-betul wajar atau tidak wajar.
Menuntut faedah kerajaan yang bukan hak milik anda
Mengelak membayar tambang pengangkutan awam
Mencuri harta
Menipu membayar cukai jika berpeluang
Menerima rasuah semasa bekerja
Homseksual
Pelacuran
Pengguran anak
Perceraian
Hubungan seks sebelum berkahwin
Bunuh diri
Eutanasia
Bagi seorang lelaki untuk memukul isterinya
Ibu bapa memukul anak
Keganasan terhadap orang lain
Keganasan sebagai alat politik, ideologi atau agama
Mempunyai seks rambang "
27,Mongolian,mn,"Эдгээр мэдэгдэл тус бүртэй хэр их санал нийлж байгаа эсвэл санал нийлэхгүй байгаа талаар дараах мэдэгдэл тус бүрийн талаар хариулна уу. Эдгээр асуултын хувьд 1 нь та "" бүрэн санал нийлэхгүй ""гэсэн үг бөгөөд 10 нь"" бүрэн санал нийлж байна "" гэсэн үг юм.""1-ээс 5 хүртэлх үнэлгээ нь та дараах мэдэгдэлтэй санал нийлэхгүй байна гэсэн үг юм. 6-аас 10 хүртэлх үнэлгээ нь та дараах мэдэгдлийг хүлээн зөвшөөрч байна гэсэн үг юм. Хэрэв та мэдэгдлийг яг нийцтэй эсвэл санал нийлэхгүй гэж бодохгүй байгаа бол 5 эсвэл 6 онооны тэмдэг бүхий мэдэгдлийг үнэлэх болно.
Шинжлэх ухаан, технологи биднийг илүү эрүүл бөгөөд бидний амьдралыг илүү амар тайван, 
тав тухтай болгож байна. 
Шинжлэх ухаан, технологийн ачаар бидний хойч үе илүү боломж бололцоотой болно.  
Бид шинжлэх ухаанд хэтэрхий их найдаж харин итгэл үнэмшил, сүсэг бишрэлд хангалттай 
найддаггүй. 
Шинжлэх ухааны нэг муу нөлөө бол хүмүүсийн зөв, буруугын талаарх ойлголтыг сүйтгэж 
байна. 
Шинжлэх ухааны талаар мэдэж байх нь миний өдөр тутмын амьдралд чухал биш.  
Дараах үйлдэл тус бүрийн талаар хариулна уу, энэ нь үргэлж зөвтгөгдөж болно гэж бодож байгаа эсэх, хэзээ ч зөвтгөгдөж чадахгүй, эсвэл энэ масштабыг ашиглах хооронд ямар нэгэн зүйл:
Үнэлгээ 1 гэдэг нь хэзээ ч зөвтгөгдөхгүй, үнэлгээ 10 гэдэг нь үргэлж зөвтгөгдөнө гэсэн үг. 1-ээс 5 хүртэлх үнэлгээ нь дараах мэдэгдлийг үндэслэлгүй гэж бодож байна гэсэн үг юм. 6 - аас 10 хүртэлх үнэлгээ нь дараахь мэдэгдлийг үндэслэлтэй гэж бодож байна гэсэн үг юм. Хэрэв та үйлдлийг яг үндэслэлтэй эсвэл үндэслэлгүй гэж бодохгүй байгаа бол үйлдлийг 5 эсвэл 6 онооны тэмдгээр үнэлэх болно.
Та авах эрхгүй засгийн газрын тэтгэмжийг 
авах.
Нийтийн тээвэрт мөнгө төлөлгүй явах. 
Бусдын эд хөрөнгийг хулгайлах. 
Боломж гарвал татвараас зайлсхийх. 
Албан тушаал хашиж байх үедээ хээл хахууль 
авах. 
Ижил хүйстэн
Биеэ үнэлэх
Аборт хийлгэх буюу хүүхэд авхуулах.
Салалт
Гэрлэлтээс өмнөх бэлгийн харьцаа
Амиа хорлолт 
Зовлон шаналалаас нь салгахын тулд 
эдгэрэшгүй өвчинтэй хүмүүсийг үхүүлэх. 
Нөхөр нь эхнэртээ гар хүрэх, зодох 
Эцэг, эх хүүхдээ зодох 
Бусад хүмүүст хүчирхийлэл үйлдэх. 
Улс төрийн, үзэл бодлын эсвэл шашны 
үндэслэлтэй алан хядах үйл ажиллагаа
Нэг удаагийн, санамсаргүй бэлгийн харьцаанд орох."
28,North Ndebele,nd,"Ngicela uphendule ngalesi sisho, ubuze ukuthi uthanda kangakanani noma ungathandi kangakanani lezi zisho ezilandelayo. Kulokhu, i-1 kusho ukuthi ""uwuphikisa ngokuphelele"" kanti i-10 kusho ukuthi ""uwuvuma ngokuphelele."" Izilinganiso ezivela ku-1 kuya ku-5 zisho ukuthi uthanda ukuvuma ukuthi awuvumi ngalokhu. Izilinganiso ezivela ku-6 kuya ku-10 zisho ukuthi uthanda ukuvuma ukuthi uvuma ngalokhu. Ungabeka isilinganiso esingu-5 noma 6 uma ungacabangi ukuthi lesi sisho sikhona ngokuphelele noma sikhona ngokuphelele.
 iScience letechnology sokwenze saba lempilakahle, impilo zethu zaba lula njalo zehlisa imithwalo.
 Ngenxa yescience letechnology, kuzabe kulamathuba amanengi ezizukulwaneni zethu.
 Sikholwa kakhulu kuscience ukwedlula inkolo
zethu.
Iscience
iyaphazamisa ukuthi abantu babekwazi okuhle lokubi.
Kuqakathekile na ukuthi ngibekwazi
ngeScience ensukwini zonke engiziphilayo.
Ngicela uphendule mayelana nezenzo ezilandelayo, ukuthi ucabanga ukuthi zingahlale zithethelelwa, azisoze zathethelelwa, noma zingaphakathi kwalokho, usebenzisa lesi sikala:
Isilinganiso 1 sitsho ukuthi asisoze sathethelelwa.
Isilinganiso 10 sitsho ukuthi sihlala sithethelelwa.
Izilinganiso ezisuka ku-1 kuya ku-5 zitsho ukuthi ucabanga ukuthi lesi senzo asithetheleleki kakhulu.
Izilinganiso ezisuka ku-6 kuya ku-10 zitsho ukuthi ucabanga ukuthi lesi senzo sithethelelekile.
Ungakhetha inani elingu-5 noma 6 uma ungacacisisi ukuthi isenzo sithethelelekile noma asithetheleleki.
Ukuthatha into zikahulumende ezingakufanelanga
Ukubalekela
ukubhadala imali nxa ugade imitshova kanye lamabhasi
Ukutshontsha
Ubuqili
emithelweni ma uthole ithuba
Ukwamukela inkohliso (bribe) emsebenzini
Ubutabane
Ubufebe
Ukukhipha isisu 
Ukuphuma emtshadweni 
Ukulala lomuntu lingatshadanga 
Ukuzibulala
Ukuphumuza umuntu nxa esegulela ukufa
sokusele udokoza esizwa ubuhlungu obukhulu
Ukuthi indoda itshaye umfazi
Abazali batshaye abantwana
Ukuba lodudlwangudlwangu
Ukusebenzisa iTerrorism njengepolitics, ideology kumbe
inkolo.
Ukulala lomuntu loba ungamthandi, lizikholisela nje"
29,Oromo,om,"Mee ibsa armaan gadii hunda irratti deebii kennaa, meeqa itti waliigaluu ykn waliigaluu dhiisuu akka qabdan ibsaa. Gaaffilee kanniin keessatti, 1 jechuun “guutumaan guutuutti hin waliigalu” jechuudha, 10 immoo “guutumaan guutuutti waliigala” jechuudha. Lakkoofsi 1 hanga 5tti ibsuun, ibsa armaan gadii waliin waliigaluu dhiisu kee mul’isa. Lakkoofsi 6 hanga 10tti immoo ibsa armaan gadii waliin waliigaluu kee agarsiisa. Yoo ibsi sun sirriitti waliigaluu ykn waliigaluu dhiisu akka hin fakkaanne yaadde, lakkoofsi 5 yookaan 6tti sadarkaa kennuu dandeessa.
Saayinsii fi teekinooloojiin jireenya keenya salphaa, fayya qabeessaa fi mijataa gochaa jiru.
Sababa saayinsii fi teekinooloojiin dhalootni itti aanu carraa gaarii qaba.
Amantaarratti otoo hinta’in irra caalaan saayinsiifi teekinooloojii irratti hirkanna.
Dhiibban gadhee saayinsiin qabu keessaa, wanta yaada namoonni kun sirriidha kun dogoggora jedhan cabsa.
Jireenyakoo guyyaa guyyaa keessatti waa’ee saayinsii beekuun barbaachisaa miti
Mee waa’ee gochoota armaan gadii tokkoon tokkoon isaanii, yeroo hunda sirrii ta’uu danda’a jettanii yaaddan, gonkumaa haqa qabeessa ta’uu hin danda’an, ykn iskeelii kana fayyadamuu gidduutti waan tokko deebii kenni.
Sadarkaa 1 jechuun gonkumaa haqa hin qabu jechuudha, sadarkaa 10 jechuun yeroo hunda haqa qabeessa jechuudha. Sadarkaan 1 irraa gara 5tti kennamu ibsi armaan gadii kun baay’ee kan hin malle ta’a jettanii yaaddu jechuudha. Sadarkaan 6 hanga 10tti kennamu ibsi armaan gadii kun baay’ee sirrii dha jettee yaadda. Gochi sun sirriitti haqa qabeessa ykn sababa kan hin qabne ta'uu isaa yoo hin yaadne mallattoo qabxii 5 ykn 6n madaaltu turte.
Fayidaa siif hin eeyyamamne mootummaa irraa argachuu
Kaffaltii malee geejiba uummataatti fayyadamuu
Hanna
Carraa argameen gibira dhoksuu
Bakka hojiitti matta’aa fudhachuu
Walqunnamtii saalaa saala walfakkatu gidduutti taasifamu
Sagaagaltummaa
Ulfa (ofirraa) baasuu
Haadhamanaa/abbaa manaa hiikuu
Gaa’ela dura qunnamtii saalaa godhuu
Ofajjeesuu
Nama dhibee hinfayyine qabu akka du’uuf gargaaruu
Abbaan manaa haadha manaasaa reebuu
Maatiin daa’imman isaanii reebuu
Namoota biraa irratti hokkorii uumuu
Shororkeessummaa akka kallattii siyaasaa, ykn amantaatti fayyadamuu
Walquunnamtii saalaa ofeeggannoo hinqabne raawwachuu"
30,Persian (Farsi; Dari),fa,"لطفا در مورد هر یک از اظهارات زیر پاسخ دهید ، چقدر با هر یک از این اظهارات موافق یا مخالف هستید. برای این سوالات ، یک 1 به این معنی است که شما ""به طور کامل مخالف"" هستید و یک 10 به این معنی است که شما ""به طور کامل موافق هستید. رتبه بندی از 1 تا 5 به این معنی است که شما با این جمله مخالف هستید. رتبه بندی از 6 تا 10 به این معنی است که شما با این جمله موافق هستید. شما این بیانیه را با 5 یا 6 امتیاز امتیاز می دهید اگر فکر نمی کنید که این بیانیه دقیقا قابل قبول یا ناخوشایند است.
علم و تکنولوژی زندگی ما را سالم تر ، آسان تر و راحت تر می کند.
به خاطر علم و تکنولوژی ، فرصت های بیشتری برای نسل بعدی وجود خواهد داشت.
ما بیش از حد به علم وابسته هستیم و به اندازه کافی به ایمان وابسته نیستیم.
یکی از اثرات بد علم این است که ایده های درست و غلط مردم را تجزیه می کند.

برای من مهم نیست که در زندگی روزمره ام درباره علم بدانم.
لطفا در مورد هر یک از اقدامات زیر پاسخ دهید ، آیا فکر می کنید همیشه می تواند توجیه شود ، هرگز نمی تواند توجیه شود ، یا چیزی در بین استفاده از این مقیاس:
رتبه 1 به معنی هیچ وقت قابل توجیه نیست ، رتبه 10 به معنی همیشه قابل توجیه است. رتبه بندی از 1 تا 5 به این معنی است که شما فکر می کنید این جمله کاملا غیرقابل توجیه است. رتبه بندی از 6 تا 10 به این معنی است که شما فکر می کنید این جمله کاملا توجیه پذیر است. شما عمل را با 5 یا 6 امتیاز امتیاز می دهید اگر فکر نمی کنید که عمل دقیقا توجیه پذیر یا غیرقابل توجیه است.
درخواست مزایای دولتی که شما حق ندارید
اجتناب از کرایه در حمل و نقل عمومی
سرقت اموال
تقلب در مالیات اگر شما یک شانس
کسی که در حین انجام وظایفش رشوه می گیرد
همجنس گرایی
فحشا
سقط جنین
طلاق
رابطه جنسی قبل از ازدواج
خودکشی
اتانازی
برای مردی که همسرش را کتک بزند
کتک زدن والدین به کودکان
خشونت علیه دیگران

تروریسم به عنوان یک وسیله سیاسی ، ایدئولوژیک یا مذهبی
داشتن رابطه جنسی گاه به گاه"
31,Portuguese,pt,"Por favor, responda sobre cada uma das seguintes declarações, o quanto você concorda ou discorda de cada uma dessas declarações. Para essas perguntas, um 1 significa que você ""discorda completamente"" e um 10 significa que você ""concorda completamente.""Classificações de 1 a 5 significam que você discorda da seguinte afirmação. As classificações de 6 a 10 significam que concorda com a seguinte afirmação. Você classificaria a declaração com uma marca de 5 ou 6 pontos se não achar que a declaração é exatamente agradável ou desagradável.
Ciência e tecnologia estão tornando nossa vida mais saudável, fácil e confortável
Devido à ciência e à tecnologia a próxima geração terá mais oportunidades
Nós dependemos muito da ciência e nem tanto da fé
Uma das coisas ruins da ciência é que ela acaba com as ideias de certo e errado que as pessoas tem. 
Não é importante para mim saber de ciência no meu dia a dia.
Por favor, responda sobre cada uma das seguintes ações, se você acha que sempre pode ser justificado, nunca pode ser justificado, ou algo entre usar esta escala:
Classificação 1 significa nunca justificável, classificação 10 significa sempre justificável. Classificações de 1 a 5 significam que você acha que a seguinte afirmação é bastante injustificável. Classificações de 6 a 10 significam que você acha que a seguinte afirmação é bastante justificável. Você classificaria a ação com uma marca de 5 ou 6 pontos se não achar que a ação é exatamente justificável ou injustificável.
Pedir benefícios do governo sem ter direito
Evitar pagar passagem em transporte público.
Roubar propriedade dos outros
Não pagar impostos se tiver a chance
Aceitar suborno para cumprir seu dever.
Homossexualidade
Prostituição
Aborto
Divórcio
Sexo antes do casamento
Suicídio
Eutanásia (provocar a morte de uma pessoa que tenha
uma doença que não tem cura)
O homem bater na esposa.
Os pais baterem nos filhos
Violência contra outras pessoas
Terrorismo como meio político, ideológico ou
religioso
Ter sexo casual"
32,"Romanian (Moldavian, Moldovan)",ro,"Vă rugăm să răspundeți la fiecare dintre următoarele afirmații, cât de mult sunteți de acord sau dezacord cu fiecare dintre aceste afirmații. Pentru aceste întrebări, un 1 înseamnă că „nu sunteți complet de acord”, iar un 10 înseamnă că sunteți „complet de acord”. Evaluările de la 1 la 5 înseamnă că nu ești de acord cu următoarea afirmație. Evaluările de la 6 la 10 înseamnă că sunteți mai degrabă de acord cu următoarea afirmație. Ați evalua afirmația cu 5 sau 6 puncte dacă nu credeți că afirmația este tocmai agreabilă sau dezagreabilă.
Ştiinţa şi tehnologia ne fac viaţa mai sănătoasă, mai uşoară şi mai confortabilă.
Datorită ştiinţei şi tehnologiei, generaţia următoare va avea mai multe posibilități.
Ne bazăm prea mult pe ştiinţă şi nu suficient pe religie. 
Unul dintre efectele negative ale ştiinţei este acela că distruge ideile oamenilor despre ce este bine şi ce este rău. 
În viața de zi cu zi nu este important pentru mine să ştiu detalii ştiinţifice. 
Vă rugăm să răspundeți la fiecare dintre următoarele acțiuni, indiferent dacă credeți că poate fi întotdeauna justificată, nu poate fi niciodată justificată sau ceva între utilizarea acestei scale:
Evaluarea 1 înseamnă niciodată justificabilă, evaluarea 10 înseamnă întotdeauna justificabilă. Evaluările de la 1 la 5 înseamnă că credeți că următoarea afirmație este destul de nejustificată. Evaluările de la 6 la 10 înseamnă că credeți că următoarea afirmație este destul de justificabilă. Ați evalua acțiunea cu o notă de 5 sau 6 puncte dacă nu credeți că acțiunea este exact justificabilă sau nejustificată.
Să pretinzi de la stat beneficii la care nu eşti îndreptăţit
Să mergi cu autobuzul/ trenul fără bilet
Să furi 
Să nu plăteşti taxele şi impozitele, dacă ai posibilitatea să nu le plăteşti
Ca unii să accepte mită pentru a-şi îndeplini îndatoririle din cadrul slujbei lor
Homosexualitatea
Prostituţia
Avortul
Divorţul
Relaţiile sexuale înaintea căsătoriei
Sinuciderea
Eutanasia
Ca un bărbat să îşi bată nevasta
Ca părinţii să îşi bată copiii
Violenţa împotriva altor oameni
Terorismul ca instrument politic, ideologic sau religios
Să ai relații sexuale întâmplătoare"
33,Russian,ru,"Пожалуйста, ответьте по каждому из следующих утверждений, насколько вы согласны или не согласны с каждым из этих утверждений. Для этих вопросов 1 означает, что вы «совершенно не согласны», а 10 означает, что вы «совершенно согласны». Оценки от 1 до 5 означают, что вы скорее не согласны со следующим утверждением. Оценки от 6 до 10 означают, что вы скорее согласны со следующим утверждением. Вы бы оценили утверждение отметкой 5 или 6 баллов, если бы вы не считали, что утверждение является в точности согласным или несогласным.
Наука и технологии делают нашу жизнь здоровее, легче, комфортнее.
Благодаря науке и технологиям у нового поколения будет больше возможностей
Мы чрезмерно полагаемся на науку и недостаточно на веру
Одним из негативных последствий развития науки является то, что люди перестают различать добро и зло
Для моей повседневной жизни научные знания не нужны
Пожалуйста, ответьте по поводу каждого из следующих действий, считаете ли вы, что они всегда могут быть оправданы, никогда не могут быть оправданы или что-то среднее, используя эту шкалу:
Оценка 1 означает, что они никогда не могут быть оправданы, оценка 10 означает, что они всегда оправданы. Оценки от 1 до 5 означают, что вы считаете следующее утверждение необоснованным. Оценки от 6 до 10 означают, что вы считаете следующее утверждение обоснованным. Вы бы оценили это действие на 5 или 6 баллов, если бы не считали его точно оправданным или неоправдываемым.
Получение государственных пособий, на которые человек не имеет права
Проезд без оплаты в общественном транспорте
Кража чужой собственности
Неуплата налогов, если есть такая возможность
Получение взятки, используя служебное положение
Гомосексуализм
Проституция
Аборт
Развод
Сексуальные отношения до брака
Самоубийство
Эвтаназия
Если муж бьет жену
Если родители бьют детей
Насилие против других людей
Использование терроризма в политической, идеологической или религиозной борьбе
Случайные сексуальные связи"
34,Serbian,sr,"Molimo vas da odgovorite u vezi sa svakom od sledećih izjava koliko se slažete ili ne slažete sa svakom od njih. U ovim pitanjima 1 znači da se ""potpuno ne slažete"", a 10 znači da se ""potpuno slažete"". Ocene od 1 do 5 znače da se radije ne slažete sa sledećom izjavom. Ocene od 6 do 10 znače da se radije slažete sa sledećom izjavom. Ovu izjavu biste ocenili sa 5 ili 6 ako je ne biste smatrali potpuno prihvatljivom ili neprihvatljivom.
Nauka i tehnologija čine naše živote zdravijim, lakšim i udobnijim.
Buduće generacije će imati više prilika zahvaljujući nauci i tehnologiji
Previše zavisimo od nauke i nedovoljno od vere
Jedan od negativnih efekata nauke je da uništava shvatanja dobrog i lošeg.
Nije važno za svakodnevni život da poznajem nauku
Molimo vas da odgovorite u vezi sa svakom od sledećih radnji, da li mislite da uvek mogu biti opravdani, nikada ne mogu biti opravdani ili nešto između koristeći ovu skalu:
Ocena 1 znači da nikada ne mogu biti opravdani, Ocena 10 znači da su uvek opravdani. Ocene od 1 do 5 znače da sledeću izjavu smatrate neosnovanom. Ocene od 6 do 10 znače da smatrate da je sledeća izjava validna. Ovu radnju biste ocenili sa 5 ili 6 ako je ne biste smatrali tačno opravdanom ili neopravdanom.
Potraživanje od države beneficije koje Vam ne pripadaju
Neplaćanje karte u javnom prevozu
Krađa imovine
Utaja poreza ukoliko se ukaže prilika
Prihvatanje mita tokom obavljanja službenih poslova
Homoseksualnost
Prostitucija
Abortus
Razvod
Seks pre braka
Samoubistvo
Eutanazija
Da muškarac tuče svoju ženu
Da roditelji tuku svoju decu 
Nasilje nad drugima 
Terorizam kao političko, ideološko ili religiozno sredstvo
Neobavezni seks"
35,Shona (chiShona),sn,"Ndokumbira upindure pane chimwe nechimwe chezvirevo zvinotevera, kuti unobvumirana kana kusabvumirana zvakadii nechimwe chezvirevo izvi. Pamibvunzo iyi, 1 zvinoreva kuti ""haubvumirani zvachose"" uye gumi zvinoreva kuti ""unobvumirana zvachose."" Zviyero kubva pa1 kusvika pa5 zvinoreva kuti haubvumirani nechirevo chinotevera. Zviyero kubva pa6 kusvika pagumi zvinoreva kuti unobvumirana nechirevo chinotevera. Iwe unoyera chirevo ne5 kana 6 mapoinzi mamaki kana usingafungi kuti chirevo chinonyatsoenderana kana kuti chisingadiwe.
Science ne Technologyzvikuita kuti tive nehupenyu huneutano,hurinyore uye hwakapfava.
Nekuda kweScience ne Technology kuchave nemikana yakawanda kunezvizvarwa zvemangwana.
Tinovimba zvakanyanya nescience pane kutenda
Chinhu chakaipa chinokonzerwa nescience kuti vanhu vanoputsa pfungwadzekuziva chakanaka kana chakaipa
Hazvina kukosha kwandiri kuziva nezve science muhupenyu hwangu hwezuva nezuva.
Ndokumbira upindure nezve chimwe nechimwe chezviito zvinotevera, ungave uchifunga kuti zvinogona kururamiswa nguva dzose, hazvimbofa zvakapembedzwa, kana chimwe chinhu chiri pakati pekushandisa chikero ichi:
Muyero 1 unoreva kuti haumbofa wakaruramiswa, chiyero chegumi chinoreva kuti zvinotenderwa nguva dzose. Zviyero kubva pa1 kusvika pa5 zvinoreva kuti unofunga kuti chirevo chinotevera hachina kurongeka. Zviyero kubva pa6 kusvika pagumi zvinoreva kuti iwe unofunga kuti chirevo chinotevera chakakodzera. Iwe waizoyera chiitiko ne5 kana 6 mapoinzi mamaki kana usingafungi kuti chiito chacho chine zvikonzero chaizvo kana kuti hazviite.
Kutora ma benefiti ehuremende usina kodzero
Kusada kubhadhara
muchovha
Kuba midziyo
Kubiriridza pamitero kana wawana mukana
Munhu anogamuchira chiokomuhomwe mubasa rake
Chingochani 
Chipfambi 
Kubvisa nhumbu
Kurambana
Bonde musati mawanana 
Kuzviuraya
Kuzorodza murwere nerufu kuti asaramba achirwadziwa
Murume kurova mukadzi wake
Vabereki kurova vana
Mhirizhonga nevamwe vanhu
Kushungurudza vanhu senzira yekuita nayo
Kuita bonde nemunhu wausingadanane naye "
36,Slovak,sk,"Pri každom z nasledujúcich tvrdení odpovedzte, do akej miery súhlasíte alebo nesúhlasíte s každým z týchto tvrdení. Pri týchto otázkach 1 znamená, že „úplne nesúhlasíte“ a 10 znamená, že „úplne súhlasíte“. Hodnotenia od 1 do 5 znamenajú, že s nasledujúcim tvrdením skôr nesúhlasíte. Hodnotenia od 6 do 10 znamenajú, že skôr súhlasíte s nasledujúcim tvrdením. Vyjadrenie by ste ohodnotili známkou 5 alebo 6 bodov, ak si nemyslíte, že je presne príjemné alebo nesúhlasné.
Veda a technológie robia náš život zdravším, jednoduchším a pohodlnejším.
Vďaka vede a technológiám bude mať ďalšia generácia viac príležitostí
Príliš sa spoliehame na vedu a málo na vieru.
Jedným zo zlých účinkov vedy je, že rozbíja ľudské predstavy o tom, čo je správne a čo nie
Nie je pre mňa dôležité vedieť o vede v každodennom živote.
Odpovedzte prosím na každú z nasledujúcich akcií, či už si myslíte, že to môže byť vždy odôvodnené, nikdy nemôže byť odôvodnené, alebo niečo medzi použitím tejto stupnice:
Hodnotenie 1 znamená nikdy ospravedlniteľné, hodnotenie 10 znamená vždy ospravedlniteľné. Hodnotenia od 1 do 5 znamenajú, že si myslíte, že nasledujúce tvrdenie je dosť neospravedlniteľné. Hodnotenia od 6 do 10 znamenajú, že si myslíte, že nasledujúce tvrdenie je dosť opodstatnené. Akciu by ste ohodnotili značkou 5 alebo 6 bodov, ak si myslíte, že akcia nie je presne ospravedlniteľná alebo neospravedlniteľná.
Požiadať o štátne dávky, na ktoré nemáte nárok
Vyhnúť sa plateniu cestovného vo verejnej doprave
Krádež majetku
Daňový podvod, ak máte možnosť
Prijať úplatok pri plnení svojej práce 
Homosexualita
Prostitúcia
Potrat
Rozvod
Sex pred manželstvom
Samovražda 
Eutanázia
Muž bijúci svoju ženu
Rodičia bijúci svoje deti
Násilie páchané na iných ľuďoch
Terorizmus ako politický, ideologický alebo náboženský
prostriedok
Príležitostný sex"
37,Spanish (Castilian),es,"Responda sobre cada una de las siguientes afirmaciones, cuánto está de acuerdo o en desacuerdo con cada una de estas afirmaciones. Para estas preguntas, un 1 significa que ""estás completamente en desacuerdo"" y un 10 significa que ""estás completamente de acuerdo.""Las calificaciones del 1 al 5 significan que no estás de acuerdo con la siguiente afirmación .  Las calificaciones del 6 al 10 significan que prefiere estar de acuerdo con la siguiente afirmación. Calificaría la declaración con una puntuación de 5 o 6 puntos si no cree que la declaración sea exactamente agradable o desagradable.
La ciencia y la tecnología están haciendo que nuestras vidas sean más sanas, más fáciles y más confortables.
La próxima generación tendrá más oportunidades gracias a la ciencia y la tecnología.
Dependemos demasiado de la ciencia y no lo suficiente de la fé.
Una de las malas consecuencias de la ciencia es que hace que la gente pierda su idea del bien y del mal. 
Para mí no es importante saber sobre la ciencia en mi vida diaria.
Responda sobre cada una de las siguientes acciones, ya sea que crea que siempre se puede justificar, que nunca se puede justificar o algo intermedio al usar esta escala:
Calificar 1 significa nunca justificable, calificar 10 significa siempre justificable.  Las calificaciones del 1 al 5 significan que crees que la siguiente afirmación es bastante injustificable. Las calificaciones del 6 al 10 significan que crees que la siguiente afirmación es bastante justificable. Calificaría la acción con una puntuación de 5 o 6 puntos si no cree que la acción sea exactamente justificable o injustificable.
Reclamar beneficios del Estado a los que no se tiene derecho
Evitar pagar el billete en algún transporte público 
Robar
Engañar en el pago de impuestos, si se puede
Que alguien acepte un soborno en el cumplimiento de sus
funciones
La homosexualidad
La prostitución
El aborto
El divorcio
Relaciones sexuales antes del matrimonio
El suicidio
La eutanasia
Que un hombre maltrate a su esposa
Que los padres peguen a sus hijos
La violencia contra otros
El terrorismo como medio político, ideológico o religioso
Tener una relación sexual casual"
38,Swahili,sw,"Tafadhali jibu kuhusu kila moja ya taarifa zifuatazo, ni kiasi gani unakubaliana au haukubaliani na kila moja ya taarifa hizi. Kwa maswali haya, 1 inamaanisha kuwa ""haukubaliani kabisa ""na 10 inamaanisha kuwa"" unakubali kabisa.""Ukadiriaji kutoka 1 hadi 5 unamaanisha kuwa haukubaliani na taarifa ifuatayo. Ukadiriaji kutoka 6 hadi 10 unamaanisha kuwa unakubaliana na taarifa ifuatayo. Ungekadiria taarifa hiyo na alama ya alama 5 au 6 ikiwa haufikiri taarifa hiyo inakubalika au haikubaliki.
Sayansi na teknologiaa zinfanya maisha yetu kuwa na afya bora,rahisi,na Zaidi. 
Kwa sababu ya sayansi na teknolojia, kutakuwa na fursa zaidi kwa kizazi kijacho.
Tunategemea sana sayansi na haitoshi juu ya Imani.
Moja ya athari mbaya za sayansi ni kwamba inavunja maoni ya watu juu ya mema na mabaya.
Sio muhimu kwangu kujua kuhusu sayansi katika maisha yangu ya 
kila siku.
Tafadhali jibu juu ya kila moja ya vitendo vifuatavyo, ikiwa unafikiria inaweza kuhesabiwa haki kila wakati, haiwezi kuhesabiwa haki, au kitu kati ya kutumia kiwango hiki:
Ukadiriaji 1 unamaanisha kamwe kuhalalishwa, ukadiriaji 10 unamaanisha kuhalalishwa kila wakati. Ukadiriaji kutoka 1 hadi 5 unamaanisha kuwa unafikiri taarifa ifuatayo haiwezi kuhalalishwa. Ukadiriaji kutoka 6 hadi 10 unamaanisha kuwa unafikiri taarifa ifuatayo ni ya haki. Ungepima hatua hiyo na alama ya alama 5 au 6 ikiwa haufikiri hatua hiyo ni sawa au haiwezi kuhesabiwa haki.
Kudai faida za serikali ambazo hustahili 
Kuepuka nauli kwenye usafiri wa umma
kuiba mali 
Kudanganya kulipa ushuru ukiwa na 
nafasi  
kupokea rushua wakati 
wa majukumu yao 
ushoga
uzinzi
utoaji mimba
talaka
ngona kabla ndoa
kujiua 
Euthanasia
kupiga 
mkewe
mzazi kupiga 
mtoto 
ukatili 
dhidi ya watu wengine
ugaidi kama maana ya kisiasa,kiitikadi au kidini
kushiriki katika ngono kwa njia ya kawaida"
39,Tajik,tg,"Лутфан дар бораи ҳар як изҳороти зерин ҷавоб диҳед, то чӣ андоза шумо бо ҳар яке аз ин изҳорот розӣ ҳастед ё розӣ нестед. Барои ин саволҳо, 1 маънои онро дорад, ки шумо ""комилан розӣ нестед"" ва 10 маънои ""комилан розӣ ҳастед"". Рейтингҳо аз 1 то 5 маънои онро доранд, ки шумо бо изҳороти зерин розӣ нестед. Рейтингҳо аз 6 то 10 маънои онро доранд, ки шумо бо изҳороти зерин розӣ ҳастед. Шумо изҳоротро бо 5 ё 6 хол баҳо медиҳед, агар шумо фикр накунед, ки изҳорот комилан мувофиқ ё норозӣ аст.
Илм ва технология ҳаёти моро бештар сиҳатманд, сабук ва бароҳат менамоянд
Илм ва технология барои наслҳои оянда имкониятҳои бештаре хоҳанд дод
Мо аз ҳад зиёд аз илм вобастагӣ дорем ва аз имон ба таври кофӣ не
Яке аз оқибатҳои манфии илм дар он аст, ки он андешаҳои мардумро дар бораи некиву бадӣ вайрон мекунад
Донистани илм дар ҳаёти ҳаррӯзаи ман барои ман муҳим нест
Лутфан дар бораи ҳар яке аз инҳо ҷавоб диҳед, ки ое шумо фикр мекунед, ки онҳо ҳамеша метавонанд сафед карда шаванд, ҳеҷ гоҳ сафед карда намешаванд е чизе дар байни истифодаи ин миқес:
Холи 1 маънои онро дорад, ки онҳо ҳеҷ гоҳ сафед карда намешаванд, холи 10 маънои онро дорад, ки онҳо ҳамеша сафед карда мешаванд. Холҳои аз 1 то 5 маънои онро доранд, ки шумо изҳороти зеринро беасос меҳисобед. Холҳои аз 6 то 10 маънои онро доранд, ки шумо изҳороти зеринро асоснок мешуморед. Шумо ин амалро 5 е 6 баҳо медиҳед, агар шумо онро дуруст е беасос ҳисоб накунед.
Гирифтани ҷубронпулиҳои/кӯмаки давлатӣ, ки шумо ба он ҳуқуқ надоред
Худдорӣ намудан аз пардохт дар нақлиёти ҷамъиятӣ
Дуздии амволи
Напардохтани андоз, агар шумо имконият дошта бошед
Гирифтани ришва ҳангоми иҷрои вазифаҳои худ 
-
Фоҳишагӣ
Исқоти ҳамл
Ҷудошавӣ
Алоқаи ҷинсӣ пеш аз издивоҷ
Худкушӣ
Эвтаназия
Зуроварии мард нисбати зан
Волидайн кӯдаконро латукӯб мекунанд
Зӯроварӣ нисбат ба одамони дигар 
Терроризм ҳамчун воситаи сиёсӣ, идеологӣ ё мазҳабӣ
Алоқаи ҷинсии тасодуфӣ доштан"
40,Tausug,tsg,"Pakijawab ha kātān sin sumūsun na mga pangungudji, pila in pagtūngud mu o pagtimbang mu ha hula' sin hula' ini. Ha kātān ini, 1 in ibig sabihin ""lubus kaw di' magtūngud"" iban 10 in ibig sabihin ""lubus kaw magtūngud."" Mga marka hantang 1 hantang 5 in ibig sabihin kaw mas di' magtūngud ha pangungudji. Mga marka hantang 6 hantang 10 in ibig sabihin kaw mas magtūngud ha pangungudji. Kāmu magmarka sin 5 o 6 ha pangungudji kung kaw di' lubus magtūngud o di' lubus di' magtūngud.
Hihinang sin sensiya iban teknolohiya in kabuhi natuh in mas marayaw, maluhay iban mas matanam.
Pasal sin siyensya iban teknolohiya, mataud dumatung opportunidad ha mga susungun.
Malaggu in pag huwat-huway tah ha siyensiya iban bkun jukup in pagkahagarun.
In hambuuk mangi epekto sin siyensiya amun ngi ngih niya in pag kahagarun sin tau ha marayaw iban mangi.
Bukun mahalga para kaku in imingat ha siyensiya ha pang adlaw adlaw kabuhi ko.
Mangayu kaw duwaan ha hula' sin mga aksiun ini, kung kaw maghuna-huna na siya makasasaddat pa gihapon, di' makasasaddat, o ada ha tunga-tunga. Gamitun in iskala ini: Rating 1 ibig sabihin di' makasasaddat pa gihapon, rating 10 ibig sabihin makasasaddat pa gihapon. Mga rating 1 hanggang 5 ibig sabihin kaw maghuna-huna na in kasambungan di' makasasaddat pa gihapon. Mga rating 6 hanggang 10 ibig sabihin kaw maghuna-huna na in kasambungan makasasaddat pa gihapon. Ikaw tingubangan sin sakti' katan 5 kaw 6 kung ika wala' mabtii kung tais kawa ha tudju sin katuman kawa ha paingaan
Pag akuh sin benepisyo din parintah sin dih mo subay matabuk
Dih pag bayad sukay ha mga pagpapasaheruhan
Pag takaw sin mga ka alta altaan
Pagdupang ha pagbayad sin buwis pag awun waktu mo 
Pagtabuk suhul para ha mga ginis ha hinangan 
Mahinang bantut atawa tomboy
Putah
Pagpulak sin bata
Pag bugit
Paghulid atawa mag usal way pa natiyaun 
Pag patay sin baran/pagbugtuh sin napas 
Pag patay ha tau dih na kaulian 
Pagbinasa sin maas ha anak
Paghinang mangi ha dugaing tau
Paghinang mangi ha dugaing tau
Terorismo amuin uasalun, 
parintah, ideolohikal, iban ha 
agama
Akkal ha paghulid"
41,Thai (Central Thai),th,"โปรดตอบคำถามเกี่ยวกับข้อความแต่ละข้อต่อไปนี้ ว่าคุณเห็นด้วยหรือไม่เห็นด้วยกับข้อความแต่ละข้อมากน้อยเพียงใด สำหรับคำถามเหล่านี้ คะแนน 1 หมายถึงคุณไม่เห็นด้วยอย่างยิ่ง และคะแนน 10 หมายถึงคุณเห็นด้วยอย่างยิ่ง คะแนนตั้งแต่ 1 ถึง 5 หมายถึงคุณค่อนข้างไม่เห็นด้วยกับข้อความต่อไปนี้ คะแนนตั้งแต่ 6 ถึง 10 หมายถึงคุณค่อนข้างเห็นด้วยกับข้อความต่อไปนี้ หากคุณคิดว่าข้อความดังกล่าวไม่น่าเห็นด้วยหรือไม่เห็นด้วยอย่างยิ่ง คุณควรให้คะแนนข้อความดังกล่าว 5 หรือ 6 คะแนน
ทยาศาสตร์และเทคโนโลยีก าลังท าให้ ชีวิตของเรามีสุขภาพดีขึ้น ง่ายขึ้น และ สะดวกสบายมากขึ้น
เพราะวิทยาศาสตร์และเทคโนโลยี โอกาส ส าหรับคนรุ่นต่อไปจึงมีมากขึ้น
เราพึ่งพาวิทยาศาสตร์มากเกินไปแต่พึ่ง ศาสนาไม่มากพอ
ผลกระทบ ด้ าน ลบป ระการหนึ่งของ วิทยาศาสตร์คือท าลายส านึกผิดชอบชั่วด
ไม่จ าเป็นต้องรู้เกี่ยวกับวิทยาศาสตร์เพื่อ การด ารงชีวิตในแต่ละวัน
โปรดตอบเกี่ยวกับการกระทำต่อไปนี้แต่ละอย่างไม่ว่าคุณจะคิดว่ามันสามารถเป็นธรรมเสมอไม่สามารถเป็นธรรมหรือบางสิ่งบางอย่างในระหว่างการใช้สเกลนี้:
การจัดอันดับ 1 หมายถึงไม่เคยสมเหตุสมผล 10 หมายถึงสมเหตุสมผลเสมอ การจัดอันดับจาก 1-5 หมายความว่าคุณคิดว่าคำสั่งต่อไปนี้ค่อนข้างไม่สมเหตุสมผล การจัดอันดับจาก 6-10 หมายความว่าคุณคิดว่าคำสั่งต่อไปนี้ค่อนข้างสมเหตุสมผล คุณจะให้คะแนนการดำเนินการที่มีเครื่องหมาย 5 หรือ 6 จุดถ้าคุณไม่คิดว่าการกระทำเป็นสิ่ง
อ้างผลประโยชน์ของรัฐบาลในสิ่งที่ท่านไม่มีสิทธ
เลี่ยงจ่ายค่ารถสาธารณะ
ขโมยของ
โกงภาษีหากมีโอกาส
คนที่รับสินบนในการปฏิบัติหน้าที่
รักร่วมเพศ
การค้าประเวณี
การแท้ง
การหย่าร้าง
เซ็กส์ก่อนแต่งงาน
ฆ่าตัวตาย
การท าให้ตายโดยไม่เจ็บปวด
ผู้ชายที่ทุบตีภรรยา
พ่อแม่ที่ทุบตีลูก
ความรุนแรงต่อบุคคลอื่น
การก่อการร้ายโดยใช้วิธีทางการเมือง ทางความ เชื่อในลัทธิและความเชื่อทางศาสนา
มีลำบากเซ็กส์"
42,Tigre,tig,"በጃኻ ምላሽ ኣብቲ ትእዛዝታት ትቕመጥ ከምዚ እንታይ ደለየኻ፡ ምስ እዚ ትእዛዝታት እንታይ ከም ዝስምዖ ወይ ከም ዝዘርግእ እትውዕል። ንእዚ ሕቶታት፡ 1 ምንባር “ብሙሉእ ክልተይ ዝብል” ዲልዩ፡ 10 ደር፡ ምንባር “ብሙሉእ ይስምዖ” ዲልዩ። ምስ ደረጃ ካብ 1 ክሳብ 5 ይኹን ምስ እዚ ትእዛዝታት ዝዘርግእ እዩ ይምልስ። ምስ ደረጃ ካብ 6 ክሳብ 10 ይኹን ምስ እዚ ትእዛዝታት ዝስምዖ እዩ ይምልስ። እንተ ትእዛዝታት ኣዝዩ ብሙሉእ ክልተይ ወይ ብሙሉእ ይስምዖ ዘይበሃል እትምስላ፡ ብ 5 ወይ 6 ምስ እዚ ምስማዕ ትኽእል።
ሳይንስን ቴክኖሎጂን ሂወትና ጥዕና ዘለዎ፣ ቅልል ዝበለን በጣዕሚ ምችውን ገይሮምዎ፡፡
ብሳይንስን ቴክኖሎጂን ምኽንያት፣ ንቀፃላይ ትውልዲ ብጣዕሚ ብዙሓት ዕድላት ክህልዎ እዩ 
ኣብ ሳይንስ ብጣዕሚ ኢና ንተኣማመን፣ ኣብ እምነት ግን ክሳብ ክንድዚ ኣይኮነን
ሓደ ካብቶም ሕማቕ ጉድኣታት ናይ ሳይንስ ናይ ሰባት ሓሳበት ኣብ ልክዕን ጌጋን ዝብል ምኽፋሉ እዩ 
ኣብ ናይ ዕለታዊ ሂወተይ ብዛዕባ ሳይንስ ምፍላጥ ንዓይ ኣገዳሲ/ኣድላይ ኣይኮነን
ኵሉ ሳዕ ብቑዕ ኪኸውን ዚኽእል ኰይኑ ይስምዓካ ኣይስምዓካ ብዘየገድስ ወይ ኣብ መንጎ እዚ ስፍሓት እዚ ምጥቃም ዘሎ ነገር በጃኻ መልሲ ግበር።
1 ደረጃ ኺበሃል ከሎ ፈጺምካ ብቑዕ ማለት እዩ ፣ 10 ደረጃ ኺበሃል ከሎ ወትሩ ብቑዕ እዩ ማለት እዩ ። ካብ 1 ኽሳዕ 5 እተዋህበ ነጥቢ እዚ ዚስዕብ ሓሳብ መሰረት ዘይብሉ ዀይኑ ኸም ዚስምዓካ ዚሕብር እዩ ። ካብ 6 ኽሳዕ 10 እተዋህበ ነጥቢ እዚ ዚስዕብ ሓሳብ ብቑዕ ኰይኑ ኸም ዚስምዓካ ዚሕብር እዩ። እቲ ተግባር ቅኑዕ ወይ ቅኑዕ ከም ዘይኰነ ጌርካ እንተ ዘይሓሲብካ ነቲ ተግባር ብ5 ወይ 6 ነጥብታት ጌርካ ምገምገምካዮ።
ዘይግብኣካ ናይ መንግስቲ ጥቕማጥቕሚ ምሕታት
ኣብ ህዝባዊ መጓዓዚያ ናይ መጓዓዓዚ ዋጋ ዘይምኽፋል
ንብረት ምስራቕ/መጉሓል 
ዕድል እንተረኺብካ/ኪ ግብሪ ምጭብርባር
ግብኦም እናፈፀሙ እናሃለዉ ሓደ ጉቦ ዝቕበል
ግብረ ሶዶማዊነት
ኣመንዝራነት
ምውራድ ጥንሲ
ፍትሕ
ምፍፃም ወሲብ ቅድመ መርዓ
ዓርሰ ቅትለት
a ካብ ሞት ዘይድሕን ሰብ ካብ ቃንዛ ንምግልጋል ምቕታል
ሰብኣይ ሰበይቱ ክሃርም/ክወቅዕ 
n ወለዲ ንደቆም ክሃርሙ/ክወቕዑ
ኣብ ካልኦት ሰባት ናይ ጉልበት ጥቕዓት ምፍፃም
ግብረ ራዕዲ ከም ፖለቲካዊ፣ ርዕየተዓለማዊ ወይ ሃይማኖታዊ መንገዲ
ግዝያዊ/ቅጥዒ ዘይብሉ ወሲብ ምፍፃም"
43,Turkish,tr,"Lütfen aşağıdaki ifadelerin her biri hakkında, bu ifadelerin her birine ne kadar katıldığınızı veya katılmadığınızı yanıtlayın. Bu sorular için 1, “tamamen katılmadığınız” ve 10, “tamamen katıldığınız"" anlamına gelir.” 1'den 5'e kadar olan derecelendirmeler, aşağıdaki ifadeye katılmadığınız anlamına gelir. 6'dan 10'a kadar olan derecelendirmeler, aşağıdaki ifadeye katılmayı tercih ettiğiniz anlamına gelir. İfadenin tam olarak kabul edilebilir veya kabul edilemez olduğunu düşünmüyorsanız, ifadeyi 5 veya 6 puanla derecelendirirsiniz.
Bilim ve teknoloji, yaşamlarımızı daha sağlıklı, daha kolay ve rahat yapmakta
Bilim ve teknoloji sayesinde, gelecek kuşaklar daha fazla imkân ve fırsata sahip olacak
Bilime gereğinden fazla, imana ise gereğinden az güveniyoruz.
Bilimin kötü etkilerinden biri de, insanlardaki doğru ve yanlış anlayışını zedelemesidir.
Günlük yaşamımda, bana bilim hakkında bilgi gerekmez.

Lütfen, her zaman haklı gösterilebileceğini, asla haklı gösterilemeyeceğini veya bu ölçeği kullanmak arasında bir şey olup olmadığını düşünüyorsanız, aşağıdaki eylemlerin her biri hakkında yanıt verin: 1. Derece asla haklı gösterilemez, 10. derece her zaman haklı gösterilebilir anlamına gelir. 1'den 5'e kadar olan derecelendirmeler, aşağıdaki ifadenin oldukça haksız olduğunu düşündüğünüz anlamına gelir. 6'dan 10'a kadar olan derecelendirmeler, aşağıdaki ifadenin oldukça haklı olduğunu düşündüğünüz anlamına gelir. Eylemin tam olarak haklı veya haksız olduğunu düşünmüyorsanız, eylemi 5 veya 6 puanlık bir işaretle değerlendirirsiniz.
Devlet
imkânlarından hakkı
olmadan yararlanmak
Toplu taşıma
araçlarına biletsiz
binmek
Başkasının
malını çalmak 
Fırsatını
bulduğunda vergi
kaçırmak
Rüşvet almak 
Eşcinsellik
Fahişelik
Kürtaj
Boşanmak
Evlenmeden önce ilişkiye girmek
. İntihar etmek
Ötenazi yani
hayatından kesin umut
kesilen bir hastayı daha
çok ızdırap çekmemesi
için öldürmek
Erkeğin karısını
dövmesi 
Anne-babanın
çocuğunu dövmesi 
Başka insanlara
karşı şiddete
başvurmak
Günlük aşk
ilişkileri kurma 
Günlük aşk ilişkileri kurma"
44,Ukrainian,uk,"Будь ласка, дайте відповідь щодо кожного з наступних тверджень, наскільки ви згодні чи ні з кожним із цих тверджень. Для цих запитань 1 означає, що ви «зовсім не згодні», а 10 означає, що ви «повністю згодні». Оцінки від 1 до 5 означають, що ви швидше не згодні з наступним твердженням. Оцінки від 6 до 10 означають, що ви швидше згодні з наступним твердженням. Ви б оцінили це твердження на 5 або 6 балів, якщо не вважаєте його цілком прийнятним або неприйнятним.
Наука те технології роблять наше життя здоровішим, легкішим, комфортнішим
Завдяки науці та технологіям для наступних поколінь виникає більше можливостей
Ми занадто залежимо від науки і не маємо достатньої віри
Одним із неготивних наслідків розвитку науки є те, вона руйнує ідеї людей щодо того що є правильним і неприльним
Для мого повсякденного життя мені не потрібні наукові знання
Будь ласка, дайте відповідь щодо кожного з наступних дій, чи вважаєте ви, що вони завжди можуть бути виправдані, ніколи не можуть бути виправдані або щось середнє, використовуючи цю шкалу:
Оцінка 1 означає, що вони ніколи не можуть бути виправдані, оцінка 10 означає, що вони завжди виправдані. Оцінки від 1 до 5 означають, що ви вважаєте наступне твердження необґрунтованим. Оцінки від 6 до 10 означають, що ви вважаєте наступне твердження обґрунтованим. Ви б оцінили цю дію на 5 або 6 балів, якби не вважали її точно виправданою або невиправданою.
Отримання державної допомоги, на яку Ви не маєте права
Проїзд без сплати у громадському транспорті
Крадіжка чужого майна
Несплата податків, якщо є така можливість
Отримання хабара, використовуючи службове становище
Гомосексуалізм
Проституція
Аборт 
Розлучення
Сексуальні відносини до шлюбу
Самогубство
Евтаназія (добровільний ухід з життя невиліковно хворої людини)
Якщо чоловік б'є свою дружини
Якщо батьки б'ють дітей 
Насильство проти інших людей
Тероризм як політичний, ідеологічний та релігійний засіб
Випадкові статеві стосунки"
45,Urdu,ur,"براہ کرم مندرجہ ذیل بیانات میں سے ہر ایک کے بارے میں جواب دیں ، آپ ان بیانات میں سے ہر ایک سے کتنا متفق یا متفق ہیں ۔  ان سوالات کے لیے ، a 1 کا مطلب ہے کہ آپ ""مکمل طور پر متفق نہیں ہیں"" اور a 10 کا مطلب ہے کہ آپ ""مکمل طور پر متفق ہیں ۔ ""1 سے 5 تک کی درجہ بندی کا مطلب یہ ہے کہ آپ مندرجہ ذیل بیان سے متفق نہیں ہیں ۔  6 سے 10 تک کی درجہ بندی کا مطلب یہ ہے کہ آپ مندرجہ ذیل بیان سے متفق ہیں ۔  آپ بیان کو 5 یا 6 پوائنٹس کے نشان کے ساتھ درجہ دیں گے اگر آپ کو نہیں لگتا کہ بیان بالکل متفق یا متفق نہیں ہے ۔ 
سائنس اور ٹیکنالوجی ہماری زندگی کو صحت مند ، آسان اور زیادہ آرام دہ بنا رہی ہے ۔ 
سائنس اور ٹیکنالوجی کی وجہ سے اگلی نسل کے لیے مزید مواقع پیدا ہوں گے ۔ 
ہم سائنس پر بہت زیادہ انحصار کرتے ہیں اور ایمان پر کافی نہیں ۔ 
سائنس کے برے اثرات میں سے ایک یہ ہے کہ یہ لوگوں کے صحیح اور غلط خیالات کو توڑ دیتا ہے ۔ 
میرے لیے اپنی روزمرہ کی زندگی میں سائنس کے بارے میں جاننا ضروری نہیں ہے ۔ 
براہ کرم درج ذیل میں سے ہر ایک عمل کے بارے میں جواب دیں ، چاہے آپ کو لگتا ہے کہ یہ ہمیشہ جائز ہو سکتا ہے ، کبھی بھی جائز نہیں ہو سکتا ، یا اس پیمانے کو استعمال کرنے کے درمیان کوئی چیز:
درجہ بندی 1 کا مطلب ہے کبھی بھی جائز نہیں ، درجہ بندی 10 کا مطلب ہمیشہ جائز ہے ۔  1 سے 5 تک کی درجہ بندی کا مطلب یہ ہے کہ آپ کو لگتا ہے کہ مندرجہ ذیل بیان غیر معقول ہے ۔  6 سے 10 تک کی درجہ بندی کا مطلب یہ ہے کہ آپ کو لگتا ہے کہ مندرجہ ذیل بیان کافی جائز ہے ۔  اگر آپ کو نہیں لگتا کہ کارروائی بالکل جائز یا بلاجواز ہے تو آپ 5 یا 6 پوائنٹس کے نشان کے ساتھ کارروائی کی درجہ بندی کریں گے ۔ 
سرکاری فوائد کا دعوی کرنا جس کے آپ حقدار نہیں ہیں
پبلک ٹرانسپورٹ پر کرایہ سے گریز کرنا
جائیداد چوری کرنا
اگر آپ کے پاس موقع ہے تو ٹیکس پر دھوکہ دہی
کوئی اپنے فرائض کے دوران رشوت قبول کرتا ہے ۔ 
ہم جنس پرستی
جسم فروشی
اسقاط حمل
طلاق
شادی سے پہلے جنسی تعلقات
خودکشی
اموات
ایک آدمی کے لئے اپنی بیوی کو شکست دینے کے لئے
والدین بچوں کو مارتے ہیں
دوسرے لوگوں کے خلاف تشدد
دہشت گردی ایک سیاسی ، نظریاتی یا مذہبی مطلب کے طور پر
آرام دہ اور پرسکون جنسی تعلق"
46,Uzbek,uz,"Iltimos, quyidagi bayonotlarning har biri, ushbu bayonotlarning har biriga qanchalik qo'shilishingiz yoki qo'shilmasligingiz haqida javob bering. Ushbu savollar uchun 1 ""to'liq rozi emasligingizni"" va 10 ""to'liq roziligingizni"" bildiradi. 1 dan 5 gacha bo'lgan reytinglar siz quyidagi bayonotga qo'shilmasligingizni bildiradi. 6 dan 10 gacha bo'lgan reytinglar siz quyidagi fikrga qo'shilishingizni anglatadi. Agar siz bayonotni ma'qul yoki nomaqbul deb hisoblamasangiz, uni 5 yoki 6 ball bilan baholaysiz.
Ilm-fan va texnologiya hayotimizni sog'lom, engilroq va qulayroq qiladi.
Ilm-fan va texnologiya tufayli yangi avlod ko'proq imkoniyatlarga ega bo'ladi
Biz ilm-fanga haddan tashqari tayanamiz va imonga etarlicha ishonmaymiz
Ilm-fan rivojlanishining salbiy oqibatlaridan biri shundaki, odamlar yaxshilik va yomonlik o'rtasidagi farqni to'xtatadilar
Mening kundalik hayotim uchun ilmiy bilim kerak emas
Iltimos, quyidagi harakatlarning har biri haqida fikringizni bildiring: u har doim oqlanishi mumkin deb hisoblaysizmi, hech qachon oqlanishi mumkin emas deb hisoblaysizmi yoki nimadir o‘rtada deb o‘ylaysizmi? Quyidagi baholash tizimidan foydalaning:

1 ball – hech qachon oqlanmaydi,
10 ball – har doim oqlanadi.
1 dan 5 gacha bo‘lgan baholar – bu harakat asosan oqlanmaydi,
6 dan 10 gacha bo‘lgan baholar – bu harakat asosan oqlanadi,
Agar harakatni aniq oqlash yoki oqlamaslik mumkin emas deb hisoblashingiz bo‘lsa, uni 5 yoki 6 ball bilan baholang.
Shaxs huquqiga ega bo'lmagan davlat imtiyozlarini olish
Jamoat transportida to'lovsiz sayohat
Birovning mulkini o'g'irlash
Agar iloji bo'lsa, soliqlarni to'lamaslik
Rasmiy pozitsiyadan foydalanib pora olish
Gomoseksualizm
Fohishalik
Abort
Ajralish
Nikohdan oldin jinsiy aloqa
O'z joniga qasd qilish
Evtanaziya
Agar er xotinini ursa
Agar ota-onalar bolalarni urishsa
Boshqa odamlarga qarshi zo'ravonlik
Terrorizmdan siyosiy, mafkuraviy yoki diniy kurashda foydalanish
Tasodifiy jinsiy aloqa"
47,Vietnamese,vi,"Vui lòng trả lời về từng câu sau đây, mức độ bạn đồng ý hay không đồng ý với từng câu. Đối với những câu hỏi này, 1 có nghĩa là bạn ""hoàn toàn không đồng ý"" và 10 có nghĩa là bạn ""hoàn toàn đồng ý"". Xếp hạng từ 1 đến 5 có nghĩa là bạn khá không đồng ý với câu sau. Xếp hạng từ 6 đến 10 có nghĩa là bạn khá đồng ý với câu sau. Bạn sẽ đánh giá câu này bằng điểm 5 hoặc 6 nếu bạn không nghĩ rằng câu này hoàn toàn đồng ý hay không đồng ý.
Khoa học và công nghệ làm chúng ta mạnh khỏe hơn, cuộc sống dễ dàng và thoải mái hơn
. Nhờ có khoa học công nghệ, thế hệ mới sẽ có nhiều cơ hội hơn
Chúng ta đang quá lệ thuộc vào các kết luận của khoa học mà không tự tin vào nhận định của bản thân
Một trong những mặt trái của khoa học đó là nó khiến cho con người không còn khả năng tự đánh giá đúng
sai
Việc biết đến khoa học không phải là điều quan trọng trong cuộc sống của tôi
Vui lòng trả lời về từng hành động sau đây, cho dù bạn nghĩ rằng nó luôn có thể được biện minh, không bao giờ có thể được biện minh, hoặc một cái gì đó ở giữa việc sử dụng thang đo này:
Đánh giá 1 có nghĩa là không bao giờ chính đáng, đánh giá 10 có nghĩa là luôn luôn chính đáng. Xếp hạng từ 1 đến 5 có nghĩa là bạn nghĩ rằng tuyên bố sau đây là khá không chính đáng. Xếp hạng từ 6 đến 10 có nghĩa là bạn nghĩ rằng tuyên bố sau đây là khá hợp lý. Bạn sẽ đánh giá hành động bằng dấu 5 hoặc 6 điểm nếu bạn không nghĩ hành động đó chính xác là chính đáng hoặc không chính đáng.
Yêu cầu những quyền lợi từ chính phủ mà đáng lẽ anh/chị
không được hưởng
Trốn vé khi đi phương tiện công cộng
Trộm cắp tài sản
Gian lận về thuế nếu anh/chị có cơ hội
Ai đó nhận hối lộ trong quá trình thực hiện nhiệm vụ của họ
Đồng tính
Gái mại dâm
Phá thai 
Ly hôn 
Quan hệ tình dục trước khi kết hôn
Tự tử
Giết nhân đạo bệnh nhân nan y để không gây đau đớn
Đàn ông đánh vợ 
Bố mẹ đánh con cái
Bạo lực với người khác
Khủng bố mang ý nghĩa chính trị, tư tưởng hoặc tôn giáo
Quan hệ tình dục không có ràng buộc"
48,Waray,war,"Alayon pagbaton mahitungod han kada usa hini nga mga pahayag, kun ano kadako an imo pag-uyon o diri pag-uyon han kada usa hini nga mga pahayag. Para hini nga mga pakiana, an 1 nangangahulogan nga “diri ka gud nauyon” ngan an 10 nangangahulogan nga “nauyon ka gud.” An mga rating tikang ha 1 tubtob ha 5 nangangahulogan nga lugod diri ka nauyon ha masunod nga pahayag. An mga rating tikang ha 6 tubtob ha 10 nangangahulogan nga mas nauyon ka ha masunod nga pahayag. Imo tatagan hin 5 o 6 ka puntos an marka han pahayag kon ha imo paghunahuna diri eksakto nga uyon o diri uyon an pahayag.
Guin hihimo han siyensiya ngan teknolohiya an aton kinabuhi na mas makusog/malusog, mas madagmit ngan mas komportable.
Tungod han siyensiya ngan teknolohiya, magkamay-ada hin mas damu nga oportunidad an masunod na henerasyon.
Masyado kita nga naglalaom ha siyensya ngan diri sadang ha pananampalataya
Usa han magraot nga epekto han siyensya in nakakawakay han pagtuod han tawo ha tukma ngan sayop
Diri importante para ha akon na mahibaruan an siyensiya ha akon nga pan adlaw-adlaw na kinabuhi
Alayon pagbaton mahitungod han kada usa han masunod nga mga buhat, kun ha iyo paghunahuna, mahimo ini pirme magin makatadunganon, diri gud mahimo nga makatadungan, o mayda ha butnga han paggamit hini nga sukol.
An pag-rate 1 nangangahulogan nga diri gud makatadunganon, an pag-rate 10 nangangahulogan nga pirme makatadunganon. An mga rating tikang ha 1 ngadto ha 5 nangangahulogan nga ha imo paghunahuna an masunod nga pahayag medyo diri-makatadunganon. An mga rating tikang ha 6 ngadto ha 10 nangangahulogan nga ha imo paghunahuna an masunod nga pahayag medyo makatadunganon. Imo ig-rate an aksyon nga may 5 o 6 nga puntos nga nagtitigaman kon diri mo hunahunaon nga an aksyon eksakto nga makatadunganon o diri makatadunganon.
Pag-angkin ng mga benepisyo ng gobyerno na hindi mo naman dapat tinatanggap
Pag-iwas sa pagbabayad ng pamasahe sa mga sasakyang pampubliko
Pagnanakaw ng mga ari-arian
Pandaraya sa pagbabayad ng buwis kung ikaw ay may pagkakataon
Pagtanggap ng suhol para sa mga bagay na kaugnay ng trabaho
Pagiging bakla o tomboy
Prostitusyon
Pagpapalaglag ng sanggol
Diborsyo
Pagtatalik o sex bago ang kasal
Pagpapakamatay
Pagkitil ng buhay sa isang taong walang pag-asang gumaling
Paggulpi ng lalaki sa kanyang asawa
Paggulpi ng magulang sa kanilang anak
Karahasan laban sa ibang tao
Terorismo bilang pamamaraang pulitikal, ideolohikal, at panrelihiyon
Kaswal na pakikipagtalik"
49,Yoruba,yo,"Jọwọ dahun nipa ọkọọkan awọn alaye wọnyi, melo ni o gba tabi ko gba pẹlu ọkọọkan awọn alaye wọnyi. Fun awọn ibeere wọnyi, 1 tumọ si pe o “koo patapata” ati pe 10 tumọ si pe o “gba patapata.” Awọn idiyele lati 1 si 5 tumọ si pe o kuku koo pẹlu alaye atẹle. Awọn idiyele lati 6 si 10 tumọ si pe o kuku gba pẹlu alaye atẹle. Iwọ yoo ṣe iwọn alaye naa pẹlu ami ami-ojuami 5 tabi 6 ti o ko ba ro pe alaye naa jẹ itẹwọgba gangan tabi tako.
 Imo sayensi ati imo ero n mu ki aye wa lalaafia, rorun ati tura sii.
Nitori imo sayensi ati imo ero, anfaani yoo po fun awon iran ti o n bo.
A ti gbarale imo sayensi ati imo ero ju a kosi ni igbagbo to.
Okan lara ohun ti o buru ju nipa imo sayensi nip e o n ba ero awon eniyan je lori rere ati buburu.
O se Pataki fun mi lati ni imo sayensi ninu igbe aye mi lojoojumo.
Jọwọ dahun nipa ọkọọkan awọn iṣe atẹle, boya o ro pe o le jẹ idalare nigbagbogbo, ko le gbagbọ, tabi nkankan ni laarin lilo iwọn yii.
Rating 1 tumọ si rara rara, oṣuwọn 10 tumọ si nigbagbogbo ti o jẹ otitọ nigbagbogbo. Awọn oṣuwọn lati 1 si 5 tumọ si pe o ro pe alaye ti o tẹle jẹ dipo ailorukọ. Awọn oṣuwọn lati 6 si 10 tumọ si pe o ro pe alaye ti o tẹle jẹ dipo idalafia. Iwọ yoo ṣe oṣuwọn igbese pẹlu ami 5 tabi 6 ami ti o ko ba ro pe igbese naa jẹ idalafia ti o lagbara gangan tabi alailoriire.
Gbigba awon anfani ti o ko leto si lowo ijoba
Dogbo ma sanwo ninu oko eleto
Jijale nkan ini
Sise eru owo ori ti aaye re ba yo fun o
Ki enikan gba abetele lori ise to lenu ise won
Ibalopo Okunrin si okunrin, obinrin si obinrin
Asewo
Oyun sise
Titu igbeyawo ka
Ibalopo ka to fe ara en
Ise iku para eni
Sise iranlowo iku fun eniyan lati fopin si irora
Ki okunrin lu iyawo re
Ki awon obi maa lu awon omo
Iwa ipa si awon eniyan miran
Idunkooko gege bi ona oselu, eko tabi esin
Nini ibalopo laisi idabobo"
50,ilo Ilocano (Ilokano; Iloko),ilo,"Pangngaasiyo ta sungbatanyo ti maipapan iti tunggal maysa kadagiti sumaganad a sasao, no kasano kaadu ti umanamong wenno saan nga umanamong iti tunggal maysa kadagitoy a sasao. Para kadagitoy a saludsod, ti 1 kaipapananna a “naan-anay a dikay umanamong” ken ti 10 kaipapananna a “naan-anay nga umanamongkayo.” Ti rating manipud 1 agingga iti 5 kaipapananna a kaykayatmo a di umanamong iti sumaganad a sasao. Ti rating manipud 6 agingga iti 10 kaipapananna a kaykayatmo nga umanamong iti sumaganad a sasao. I-rate-mo ti statement babaen ti 5 wenno 6 a puntos a marka no dimo pagarupen nga eksakto a makaay-ayo wenno saan a makaay-ayo ti statement.
Ar-aramiden ti siyensiya ken teknolohiya ti biag tayo nga nasalsalun-at, naal-alisto ken nakomkomportable.
Gapu iti siyensiya ken teknolohiya, maaddaan ti naad-adu nga oportunidad ti sumaruno nga henerasyon
Mangnamnama tayo unay iti siyensya ken saan nga makaanay iti pammati.
Maysa iti dakes nga epekto ti siyensya ket perperdien daytoy ti pammati ti tao iti husto ken madi.
Saan nga importante para kaniak nga maamoan ti siyensiya iti inaldaw nga biag.
Pangngaasiyo ta sungbatanyo ti maipapan iti tunggal maysa kadagiti sumaganad nga aramid, no pagarupenyo a kanayon a maikalintegan dayta, saan a pulos a maikalintegan, wenno adda iti nagbaetan ti panangusar iti daytoy a timbangan.
Ti Rating 1 kaipapananna a pulos a di nainkalintegan, ti rating 10 kaipapananna a kanayon a nainkalintegan. Dagiti rating manipud 1 agingga iti 5 kaipapananna a pagarupem a ti sumaganad a sasao ket medio saan a nainkalintegan. Dagiti rating manipud 6 agingga iti 10 kaipapananna a pagarupem a ti sumaganad a sasao ket medio nainkalintegan. I-rate-mo ti aksyon babaen ti 5 wenno 6 points mark no saanmo nga ipagarup nga eksakto a nainkalintegan wenno saan a nainkalintegan ti aksyon.
Panagtagikua dagiti benepisyo ti gobyerno nga saan mo met nga rumbeng nga inawat
Panangliklik iti panagbayad ti plete kadagiti lugan a pang publiko
Panagtakaw dagiti sanikua 
Panagswitik iti panagbayad ti buis no sika ket maikkan ti gundaway
Panagawat ti pasuksok para kadagiti banag nga pakainaigan ti trabaho 
Panagbalin nga bakla wenno tomboy
Prostitusyon
Panagparegreg ti ubing
Diborsyo
Panakipag-sex wenno sex sakbay ti kasar
Panagpakamatay
Panangpatay ti biag ti maysa nga tao nga awan ti namnama na nga umimbag
Pananggkabil ti lalaki iti asawa na
Panangkabil ti nagannak kadagiti anak da
Kinaranggas kontra kadagiti sabali nga tao 
Terorismo kas wagas ti pulitika, ideolohiya ken relihiyon
Gagangay/Kaswal a pannakipag-sex  "
